H,2026/9/8,,,,,,,,,,,,,,
［データ区分］,［伝票日付］,［自社会員名］,［取引先名］,［納品場所 住所］,［自社管理商品コード］,［商品名］,［規格］,［入数］,［入数単位］,［単価］,［数量］,［単位］,［金額］,［小計］,［税区分］
D,2026/7/1,武蔵小杉店（株式会社パット）,石川株式会社,神奈川県川崎市中原区新丸子東3丁目1135番1号　グランツリｰ武蔵小杉　区画145,PA0280049,Ｃ２０９　カントリースライス　５００ｇ,５００ｇ,1,PC,1995,4,PC,7980,7980,外税
D,2026/7/1,武蔵小杉店（株式会社パット）,石川株式会社,神奈川県川崎市中原区新丸子東3丁目1135番1号　グランツリｰ武蔵小杉　区画145,PA0280037,D203　ベーコンスライス　　１ｋｇ,1kg　【ＰＣ】で発注をお願い致します。,0,未指定,2320,5,PC,11600,11600,外税
D,2026/7/1,武蔵小杉店（株式会社パット）,石川株式会社,神奈川県川崎市中原区新丸子東3丁目1135番1号　グランツリｰ武蔵小杉　区画145,PA0280040,Ｗ２０１　あらびきポークウインナー　４０ｇ　【荷姿　１ｋｇ】,１ｋｇ,1,PC,2130,10,PC,21300,21300,外税
D,2026/7/1,Ｐａｓａｒ守谷下り店（株式会社パット）,石川株式会社,茨城県守谷市野木崎97-3　常磐自動車道守谷SA（下り線内）　パサｰル守谷下り線　小島屋乳業製菓株式会社,PA0280099,B287　熟成ロースハム　210ｇ,210g,1,PC,643,10,PC,6430,6430,外税
D,2026/7/1,Ｐａｓａｒ守谷下り店（株式会社パット）,株式会社トーホー・北関東,茨城県守谷市野木崎97-3　常磐自動車道守谷SA（下り線内）　パサｰル守谷下り線　小島屋乳業製菓株式会社,PA0360008,メグミルク　北海道フレッシュクリーム47　1L,1L,12,本,1349,4,本,5396,5396,外税
D,2026/7/1,武蔵小杉店（株式会社パット）,株式会社ＢＥＫＪ　大森工場冷生地部門,神奈川県川崎市中原区新丸子東3丁目1135番1号　グランツリｰ武蔵小杉　区画145,PA0140044,【冷生地】ブリオッシュグランデ生地,４㎏,1,セット,4736,2,セット,9472,9472,外税
D,2026/7/1,武蔵小杉店（株式会社パット）,株式会社ＢＥＫＪ　大森工場冷生地部門,神奈川県川崎市中原区新丸子東3丁目1135番1号　グランツリｰ武蔵小杉　区画145,PA0140001,【冷生地】クロワッサン,195個,195,セット,22522.5,1,セット,22522,22522,外税
D,2026/7/1,武蔵小杉店（株式会社パット）,株式会社ＢＥＫＪ　大森工場冷生地部門,神奈川県川崎市中原区新丸子東3丁目1135番1号　グランツリｰ武蔵小杉　区画145,PA0140011,【冷生地】さつまいものデニッシュ（PAT）,50個,50,セット,7350,1,セット,7350,7350,外税
D,2026/7/1,武蔵小杉店（株式会社パット）,株式会社ＢＥＫＪ　大森工場冷生地部門,神奈川県川崎市中原区新丸子東3丁目1135番1号　グランツリｰ武蔵小杉　区画145,PA0140017,【冷生地】プリエオショコラ,60個,60,セット,8820,1,セット,8820,8820,外税
D,2026/7/1,武蔵小杉店（株式会社パット）,石川株式会社,神奈川県川崎市中原区新丸子東3丁目1135番1号　グランツリｰ武蔵小杉　区画145,PA0280072,アトム　　２５ｋｇ,,0,袋,3470,1,袋,3470,3470,外税
D,2026/7/1,武蔵小杉店（株式会社パット）,石川株式会社,神奈川県川崎市中原区新丸子東3丁目1135番1号　グランツリｰ武蔵小杉　区画145,PA0280052,メゾンカイザートラディショナル,25kg 混載10袋～,1,袋,4337,3,袋,13011,13011,外税
D,2026/7/1,武蔵小杉店（株式会社パット）,石川株式会社,神奈川県川崎市中原区新丸子東3丁目1135番1号　グランツリｰ武蔵小杉　区画145,PA0280057,リスドール,,0,未指定,3782,2,袋,7564,7564,外税
D,2026/7/1,武蔵小杉店（株式会社パット）,石川株式会社,神奈川県川崎市中原区新丸子東3丁目1135番1号　グランツリｰ武蔵小杉　区画145,PA0280061,セイヴァリー,２５ｋｇ,1,袋,3862,1,袋,3862,3862,外税
D,2026/7/1,武蔵小杉店（株式会社パット）,石川株式会社,神奈川県川崎市中原区新丸子東3丁目1135番1号　グランツリｰ武蔵小杉　区画145,PA0280084,アーレファイン　５ｋｇ,５ｋｇ,1,袋,1875,1,袋,1875,1875,外税
D,2026/7/1,ＰＡＴ円山本店（株式会社パット）,株式会社越後屋製袋所,北海道札幌市中央区南一条西27-1-1　マルヤマクラス1F,,運賃,,0,未指定,1810,1,式,1810,1810,外税
D,2026/7/1,ＰＡＴ円山本店（株式会社パット）,池伝株式会社　札幌支店,北海道札幌市中央区南一条西27-1-1　マルヤマクラス1F,PA0300467,トチアン　鹿の子　とら豆　2㎏,2㎏×1C/S,1,C/S,6880,1,C/S,6880,6880,外税
D,2026/7/1,ＰＡＴ円山本店（株式会社パット）,池伝株式会社　札幌支店,北海道札幌市中央区南一条西27-1-1　マルヤマクラス1F,PA0300387,北乳　コンデンスミルク　1ｋｇ,1kg×12×1C/S,1,本,930,1,本,930,930,外税
D,2026/7/1,ＰＡＴ円山本店（株式会社パット）,池伝株式会社　札幌支店,北海道札幌市中央区南一条西27-1-1　マルヤマクラス1F,PA0300153,キリ クリームチーズ 1kg,,0,未指定,2200,2,kg,4400,4400,外税
D,2026/7/1,ＰＡＴ円山本店（株式会社パット）,池伝株式会社　札幌支店,北海道札幌市中央区南一条西27-1-1　マルヤマクラス1F,PA0300381,ハウス　ほぐし牛肉の欧風カレーフィリング　2kg,2kg×4袋×1C/S,1,C/S,9200,1,C/S,9200,9200,外税
D,2026/7/1,ＰＡＴ円山本店（株式会社パット）,池伝株式会社　札幌支店,北海道札幌市中央区南一条西27-1-1　マルヤマクラス1F,PA0300373,茜丸　粒あん十勝　3㎏,3㎏×4×1C/S,1,C/S,8200,1,C/S,8200,8200,外税
D,2026/7/1,ＰＡＴ円山本店（株式会社パット）,池伝株式会社　札幌支店,北海道札幌市中央区南一条西27-1-1　マルヤマクラス1F,PA0300155,日食　オートミール　1ｋｇ,1kgx1,1,袋,820,1,袋,820,820,外税
D,2026/7/1,武蔵小杉店（株式会社パット）,株式会社ひのー,神奈川県川崎市中原区新丸子東3丁目1135番1号　グランツリｰ武蔵小杉　区画145,PA0110263,SB　ｴﾙﾌﾟﾄﾞﾌﾟﾛﾊﾞﾝｽ   100g,100g,1,袋,260,3,袋,780,780,外税
D,2026/7/1,ＰＡＴ円山本店（株式会社パット）,株式会社桐越,北海道札幌市中央区南一条西27-1-1　マルヤマクラス1F,PA0200255,セルバチコ,,0,PC,418,10,PC,4180,4180,外税
D,2026/7/1,ＰＡＴ円山本店（株式会社パット）,株式会社桐越,北海道札幌市中央区南一条西27-1-1　マルヤマクラス1F,PA0200119,トマト　M　Kｇ,M,0,kg,898,4,kg,3592,3592,外税
D,2026/7/1,ＰＡＴ円山本店（株式会社パット）,株式会社桐越,北海道札幌市中央区南一条西27-1-1　マルヤマクラス1F,PA0200105,リーフレタス  約250ｇ,,0,束,248,3,束,744,744,外税
D,2026/7/1,ＰＡＴ円山本店（株式会社パット）,株式会社トーホーフードサービス　グループ,北海道札幌市中央区南一条西27-1-1　マルヤマクラス1F,PA0100217,おいしい雪印メグミルク牛乳　１Ｌ,1L,12,未指定,251,8,本,2008,2008,外税
D,2026/7/2,Ｐａｓａｒ守谷下り店（株式会社パット）,池伝株式会社,茨城県守谷市野木崎97-3　常磐自動車道守谷SA（下り線内）　パサｰル守谷下り線　小島屋乳業製菓株式会社,PA0290345,ポートロイヤルレッドラム　４０°ＬＱＲ　１．８Ｌ,,0,本,3250,1,本,3250,3250,外税
D,2026/7/2,Ｐａｓａｒ守谷下り店（株式会社パット）,池伝株式会社,茨城県守谷市野木崎97-3　常磐自動車道守谷SA（下り線内）　パサｰル守谷下り線　小島屋乳業製菓株式会社,PA0290334,ＶＯＸ　トルコ産ダークスイートチェリー　２号缶,12ｶﾝ,0,C/S,820,8,缶,6560,6560,外税
D,2026/7/2,Ｐａｓａｒ守谷下り店（株式会社パット）,池伝株式会社,茨城県守谷市野木崎97-3　常磐自動車道守谷SA（下り線内）　パサｰル守谷下り線　小島屋乳業製菓株式会社,PA0290333,デルタ　ＡＵＳカレンズ　１ｋｇ,10ﾌｸﾛX1C/S,0,袋,1000,0,袋,0,0,外税
D,2026/7/2,Ｐａｓａｒ守谷下り店（株式会社パット）,池伝株式会社,茨城県守谷市野木崎97-3　常磐自動車道守谷SA（下り線内）　パサｰル守谷下り線　小島屋乳業製菓株式会社,PA0290153,ＤＩ　アーモンドパウダー　２㎏,6袋×1CS,0,袋,0,4,袋,0,0,外税
D,2026/7/2,Ｐａｓａｒ守谷下り店（株式会社パット）,池伝株式会社,茨城県守谷市野木崎97-3　常磐自動車道守谷SA（下り線内）　パサｰル守谷下り線　小島屋乳業製菓株式会社,PA0290191,アーモンドスライス　１ｋｇ,1kg×1袋,0,袋,0,1,kg,0,0,外税
D,2026/7/2,Ｐａｓａｒ守谷下り店（株式会社パット）,池伝株式会社,茨城県守谷市野木崎97-3　常磐自動車道守谷SA（下り線内）　パサｰル守谷下り線　小島屋乳業製菓株式会社,PA0290352,デルタ　ＡＵＳカレンズ　１㎏　オイルコート,10ﾌｸﾛ×1C/S,0,未指定,1000,1,袋,1000,1000,外税
D,2026/7/2,ＰＡＴ円山本店（株式会社パット）,中沢乳業株式会社　城南島インフォメーション地方課,北海道札幌市中央区南一条西27-1-1　マルヤマクラス1F,PA0320012,エメンタール　スライス　１．８ｍｍ　約１ｋｇ,約1kg　（不定貫）,1,個,9913,1,kg,9913,9913,外税
D,2026/7/2,武蔵小杉店（株式会社パット）,株式会社トーホーフードサービス　グループ,神奈川県川崎市中原区新丸子東3丁目1135番1号　グランツリｰ武蔵小杉　区画145,PA0100136,ベスト　ＪＧＴブロッシェンソーセージ　３５　８７５ｇ,875g,4,袋,2020,3,袋,6060,6060,外税
D,2026/7/2,武蔵小杉店（株式会社パット）,株式会社トーホーフードサービス　グループ,神奈川県川崎市中原区新丸子東3丁目1135番1号　グランツリｰ武蔵小杉　区画145,PA0100168,メグ北海道フレッシュ47　1Ｌ,1Ｌ,12,未指定,1349,2,本,2698,2698,外税
D,2026/7/2,武蔵小杉店（株式会社パット）,株式会社トーホーフードサービス　グループ,神奈川県川崎市中原区新丸子東3丁目1135番1号　グランツリｰ武蔵小杉　区画145,PA0100197,ＥＢ　マヨネーズ（卵黄タイプ）１ｋg,1kg,10,本,640,1,本,640,640,外税
D,2026/7/2,武蔵小杉店（株式会社パット）,株式会社トーホーフードサービス　グループ,神奈川県川崎市中原区新丸子東3丁目1135番1号　グランツリｰ武蔵小杉　区画145,PA0100287,雪印　バター食塩不使用バラＰＹ　ＲＮ　２０ｋ,20k,0,C/S,37000,1,個,37000,37000,外税
D,2026/7/2,ＰＡＴ円山本店（株式会社パット）,石川株式会社,北海道札幌市中央区南一条西27-1-1　マルヤマクラス1F,PA0280082,大山ハム　D522　角切ベーコン　8mm,1kg,1,PC,2920,2,PC,5840,5840,外税
D,2026/7/2,Ｐａｓａｒ守谷下り店（株式会社パット）,株式会社ひのー,茨城県守谷市野木崎97-3　常磐自動車道守谷SA（下り線内）　パサｰル守谷下り線　小島屋乳業製菓株式会社,PA0110129,カーレックス スフﾟレー 600ml×1,600ml×1,1,未指定,850,6,缶,5100,5100,外税
D,2026/7/2,Ｐａｓａｒ守谷下り店（株式会社パット）,株式会社ひのー,茨城県守谷市野木崎97-3　常磐自動車道守谷SA（下り線内）　パサｰル守谷下り線　小島屋乳業製菓株式会社,PA0110036,白双糖 1K,1K,20,PC,420,2,PC,840,840,外税
D,2026/7/2,Ｐａｓａｒ守谷下り店（株式会社パット）,株式会社ひのー,茨城県守谷市野木崎97-3　常磐自動車道守谷SA（下り線内）　パサｰル守谷下り線　小島屋乳業製菓株式会社,PA0110168,多田 瀬戸内の藻塩 1k,1ｋ,1,PC,470,1,PC,470,470,外税
D,2026/7/2,Ｐａｓａｒ守谷下り店（株式会社パット）,株式会社ひのー,茨城県守谷市野木崎97-3　常磐自動車道守谷SA（下り線内）　パサｰル守谷下り線　小島屋乳業製菓株式会社,PA0110103,茜丸 十勝粒あん 3k,3ｋ,1,PC,2140,8,PC,17120,17120,外税
D,2026/7/2,Ｐａｓａｒ守谷下り店（株式会社パット）,株式会社ひのー,茨城県守谷市野木崎97-3　常磐自動車道守谷SA（下り線内）　パサｰル守谷下り線　小島屋乳業製菓株式会社,PA0110261,茜丸　こし餡十勝　3K,4,0,未指定,2140,4,PC,8560,8560,外税
D,2026/7/2,Ｐａｓａｒ守谷下り店（株式会社パット）,株式会社ひのー,茨城県守谷市野木崎97-3　常磐自動車道守谷SA（下り線内）　パサｰル守谷下り線　小島屋乳業製菓株式会社,,立替送料,1,1,個,1000,1,個,1000,1000,外税
D,2026/7/2,Ｐａｓａｒ守谷下り店（株式会社パット）,株式会社フードフアッション,茨城県守谷市野木崎97-3　常磐自動車道守谷SA（下り線内）　パサｰル守谷下り線　小島屋乳業製菓株式会社,PA0120014,FFミックスチーズ,1ｋｇ,10,C/S,1280,60,kg,76800,76800,外税
D,2026/7/2,武蔵小杉店（株式会社パット）,株式会社トーホーフードサービス　グループ,神奈川県川崎市中原区新丸子東3丁目1135番1号　グランツリｰ武蔵小杉　区画145,PA0100193,北海道乳業　コンデンス      ミルクチューブ           1k,,12,未指定,955,2,本,1910,1910,外税
D,2026/7/2,ＰＡＴ円山本店（株式会社パット）,株式会社ＪＵＧＥＭＵフード,北海道札幌市中央区南一条西27-1-1　マルヤマクラス1F,PA0050008,ブルドポーク,,0,未指定,0,1,PC,0,0,外税
D,2026/7/2,ＰＡＴ円山本店（株式会社パット）,株式会社ＪＵＧＥＭＵフード,北海道札幌市中央区南一条西27-1-1　マルヤマクラス1F,,クール便宅急便　パット札幌様送料,,0,C/S,1820,1,C/S,1820,1820,外税
D,2026/7/2,武蔵小杉店（株式会社パット）,株式会社ＢＥＫＪ　大森工場冷生地部門,神奈川県川崎市中原区新丸子東3丁目1135番1号　グランツリｰ武蔵小杉　区画145,PA0140013,【冷生地】あんパン用２番生地（PAT）,4㎏,4,セット,4384,4,セット,17536,17536,外税
D,2026/7/2,ＰＡＴ円山本店（株式会社パット）,石川株式会社,北海道札幌市中央区南一条西27-1-1　マルヤマクラス1F,PA0280096,日清製粉　アミュリア　25kg,25kg,1,袋,6575,1,袋,6575,6575,外税
D,2026/7/2,ＰＡＴ円山本店（株式会社パット）,石川株式会社,北海道札幌市中央区南一条西27-1-1　マルヤマクラス1F,PA0280062,アーレファイン　20ｋｇ,,0,未指定,5605,1,袋,5605,5605,外税
D,2026/7/2,武蔵小杉店（株式会社パット）,株式会社トーホーフードサービス　グループ,神奈川県川崎市中原区新丸子東3丁目1135番1号　グランツリｰ武蔵小杉　区画145,PA0100245,QP  プロユースからし      マヨネーズ               1k,1ｋ,10,未指定,925,1,本,925,925,外税
D,2026/7/2,武蔵小杉店（株式会社パット）,株式会社ブーランジェリーエリックカイザージャポン,神奈川県川崎市中原区新丸子東3丁目1135番1号　グランツリｰ武蔵小杉　区画145,PC0130020,メゾンボワール　マッシュルームのパテ,6本,1,箱,2100,1,箱,2100,2100,外税
D,2026/7/2,武蔵小杉店（株式会社パット）,株式会社ブーランジェリーエリックカイザージャポン,神奈川県川崎市中原区新丸子東3丁目1135番1号　グランツリｰ武蔵小杉　区画145,PC0130014,メゾンボワール　国産鶏レバー～瀬戸内産夏みかんの香り,6本,1,箱,2100,1,箱,2100,2100,外税
D,2026/7/2,武蔵小杉店（株式会社パット）,株式会社ブーランジェリーエリックカイザージャポン,神奈川県川崎市中原区新丸子東3丁目1135番1号　グランツリｰ武蔵小杉　区画145,PC0130005,MKコンフィチュール　フランボワーズ,,1,本,722.34,1,本,722,722,外税
D,2026/7/2,武蔵小杉店（株式会社パット）,株式会社ひのー,神奈川県川崎市中原区新丸子東3丁目1135番1号　グランツリｰ武蔵小杉　区画145,PA0110205,田中 ﾋﾞﾀｰﾁｮｺﾌﾗﾜｰﾍﾟｰｽﾄ 1K,1K,6,PC,810,6,PC,4860,4860,外税
D,2026/7/2,Ｐａｓａｒ守谷下り店（株式会社パット）,池伝株式会社,茨城県守谷市野木崎97-3　常磐自動車道守谷SA（下り線内）　パサｰル守谷下り線　小島屋乳業製菓株式会社,PA0290143,サフ　ＢＢＪ　５㎏　ＭＫ様,2ﾌｸﾛX1C/S,0,未指定,9050,1,袋,9050,9050,外税
D,2026/7/2,Ｐａｓａｒ守谷下り店（株式会社パット）,池伝株式会社,茨城県守谷市野木崎97-3　常磐自動車道守谷SA（下り線内）　パサｰル守谷下り線　小島屋乳業製菓株式会社,PA0290278,ＮＫ　ロッシュ　ショコラ　１．５ｋｇ,6ﾌｸﾛX1C/S,0,袋,2900,3,袋,8700,8700,外税
D,2026/7/2,武蔵小杉店（株式会社パット）,株式会社ひのー,神奈川県川崎市中原区新丸子東3丁目1135番1号　グランツリｰ武蔵小杉　区画145,PA0110213,ｹﾝｺｰ ﾍﾞｲｸﾄﾞ ｽﾗｲｽﾎﾟﾃﾄ 1k,1ｋ,1,PC,630,5,PC,3150,3150,外税
D,2026/7/2,武蔵小杉店（株式会社パット）,株式会社ひのー,神奈川県川崎市中原区新丸子東3丁目1135番1号　グランツリｰ武蔵小杉　区画145,PA0110176,浜乙女 洗い胡麻 黒 1K,1K×1,1,未指定,990,1,PC,990,990,外税
D,2026/7/2,武蔵小杉店（株式会社パット）,株式会社ひのー,神奈川県川崎市中原区新丸子東3丁目1135番1号　グランツリｰ武蔵小杉　区画145,PA0110266,ﾉｰｽｲ 北海道 美瑛育ちの粒ｺｰﾝ 1K,1ｋ,10,PC,690,8,PC,5520,5520,外税
D,2026/7/2,武蔵小杉店（株式会社パット）,株式会社ひのー,神奈川県川崎市中原区新丸子東3丁目1135番1号　グランツリｰ武蔵小杉　区画145,PA0110279,IQF ほうれん草   500g,500g,1,PC,355,3,PC,1065,1065,外税
D,2026/7/2,武蔵小杉店（株式会社パット）,株式会社ひのー,神奈川県川崎市中原区新丸子東3丁目1135番1号　グランツリｰ武蔵小杉　区画145,PA0110254,ｶｺﾞﾒ 地中海ｸﾞﾘﾙ野菜ﾐｯｸｽ 600g,600g,10,PC,740,3,PC,2220,2220,外税
D,2026/7/2,武蔵小杉店（株式会社パット）,株式会社ひのー,神奈川県川崎市中原区新丸子東3丁目1135番1号　グランツリｰ武蔵小杉　区画145,PA0110181,東洋水産 冷凍むき枝豆 500g,500g,20,PC,390,5,PC,1950,1950,外税
D,2026/7/2,武蔵小杉店（株式会社パット）,株式会社ひのー,神奈川県川崎市中原区新丸子東3丁目1135番1号　グランツリｰ武蔵小杉　区画145,PA0110270,オリエンタル VFイースト 500g,,25,未指定,275,8,本,2200,2200,外税
D,2026/7/2,武蔵小杉店（株式会社パット）,株式会社ひのー,神奈川県川崎市中原区新丸子東3丁目1135番1号　グランツリｰ武蔵小杉　区画145,PA0110145,USA ヒﾟスタチオ 脱皮 W 1K,1K×1,1,未指定,5130,1,kg,5130,5130,外税
D,2026/7/2,武蔵小杉店（株式会社パット）,株式会社ひのー,神奈川県川崎市中原区新丸子東3丁目1135番1号　グランツリｰ武蔵小杉　区画145,PA0110225,ｱｲｺｸ ﾍﾞｰｷﾝｸﾞﾊﾟｳﾀﾞｰ 白 ｱﾙﾐﾆｳﾑﾌﾘｰ 2K,2K,6,缶,2360,1,缶,2360,2360,外税
D,2026/7/2,武蔵小杉店（株式会社パット）,株式会社ひのー,神奈川県川崎市中原区新丸子東3丁目1135番1号　グランツリｰ武蔵小杉　区画145,PA0110248,ほぐし牛肉の欧風ｶﾚｰﾌｨﾘﾝｸﾞ 2kg,2kg,4,C/S,2520,4,PC,10080,10080,外税
D,2026/7/2,武蔵小杉店（株式会社パット）,株式会社ひのー,神奈川県川崎市中原区新丸子東3丁目1135番1号　グランツリｰ武蔵小杉　区画145,PA0110246,ｵﾘｺ 高級ｶｽﾀｰ300  1kg,1kg,3,C/S,800,6,PC,4800,4800,外税
D,2026/7/2,武蔵小杉店（株式会社パット）,有限会社城北青果,神奈川県川崎市中原区新丸子東3丁目1135番1号　グランツリｰ武蔵小杉　区画145,PA0340027,トマトM,栃木,0,個,130,12,個,1560,1560,外税
D,2026/7/2,武蔵小杉店（株式会社パット）,有限会社城北青果,神奈川県川崎市中原区新丸子東3丁目1135番1号　グランツリｰ武蔵小杉　区画145,PA0340081,むき玉葱,佐賀,0,個,400,1.08,kg,432,432,外税
D,2026/7/2,武蔵小杉店（株式会社パット）,株式会社ブーランジェリーエリックカイザージャポン,神奈川県川崎市中原区新丸子東3丁目1135番1号　グランツリｰ武蔵小杉　区画145,PA0130028,スイートスノー１ｋｇ,1㎏,1,PC,528,2,PC,1056,1056,外税
D,2026/7/2,武蔵小杉店（株式会社パット）,株式会社ブーランジェリーエリックカイザージャポン,神奈川県川崎市中原区新丸子東3丁目1135番1号　グランツリｰ武蔵小杉　区画145,PA0130020,Nonアレルギ－ベーカーズセパレ,500ｍｌ,1,本,580,6,本,3480,3480,外税
D,2026/7/2,ＰＡＴ円山本店（株式会社パット）,三本珈琲株式会社　札幌桑園支店,北海道札幌市中央区南一条西27-1-1　マルヤマクラス1F,PA0240010,MKﾌﾞﾚﾝﾄﾞ 500G豆,,0,未指定,17750,1,C/S,17750,17750,外税
D,2026/7/2,ＰＡＴ円山本店（株式会社パット）,三本珈琲株式会社　札幌桑園支店,北海道札幌市中央区南一条西27-1-1　マルヤマクラス1F,PA0240036,三本珈琲 ﾎﾟｰｼｮﾝｶﾞﾑｼﾛｯﾌﾟ 8g×50 個入,8g/個×50/袋×10/cs,0,未指定,2500,1,C/S,2500,2500,外税
D,2026/7/2,ＰＡＴ円山本店（株式会社パット）,株式会社トーホーフードサービス　グループ,北海道札幌市中央区南一条西27-1-1　マルヤマクラス1F,PA0100253,ＥＢ冷凍アボカドダイス　５００ｇ,,20,未指定,650,2,PC,1300,1300,外税
D,2026/7/2,ＰＡＴ円山本店（株式会社パット）,株式会社トーホーフードサービス　グループ,北海道札幌市中央区南一条西27-1-1　マルヤマクラス1F,PA0100195,QP　凍結全卵　１ｋｇ,1ｋｇ,12,PC,722,3,袋,2166,2166,外税
D,2026/7/2,ＰＡＴ円山本店（株式会社パット）,株式会社トーホーフードサービス　グループ,北海道札幌市中央区南一条西27-1-1　マルヤマクラス1F,PA0100238,QP　加糖凍結卵黄20                             500g,500ｇ,20,未指定,684,2,PC,1368,1368,外税
D,2026/7/2,ＰＡＴ円山本店（株式会社パット）,株式会社トーホーフードサービス　グループ,北海道札幌市中央区南一条西27-1-1　マルヤマクラス1F,PA0100220,日水　台湾産むきえだ豆　５００ｇ,500g,20,未指定,390,2,袋,780,780,外税
D,2026/7/2,ＰＡＴ円山本店（株式会社パット）,株式会社トーホーフードサービス　グループ,北海道札幌市中央区南一条西27-1-1　マルヤマクラス1F,PA0100233,宮崎県産カットほうれん草IQF,５００ｇ,20,PC,375,2,袋,750,750,外税
D,2026/7/2,武蔵小杉店（株式会社パット）,池伝株式会社,神奈川県川崎市中原区新丸子東3丁目1135番1号　グランツリｰ武蔵小杉　区画145,PA0290312,カップ印　スペシャルシュガー　１ｋｇ　（白ざら糖）,20袋×1CS,0,袋,320,4,袋,1280,1280,外税
D,2026/7/2,武蔵小杉店（株式会社パット）,池伝株式会社,神奈川県川崎市中原区新丸子東3丁目1135番1号　グランツリｰ武蔵小杉　区画145,PA0290050,ヴァローナ　パール・クラカン　１ｋｇ,9ｋｇX1C/S,0,kg,5800,1,kg,5800,5800,外税
D,2026/7/2,武蔵小杉店（株式会社パット）,池伝株式会社,神奈川県川崎市中原区新丸子東3丁目1135番1号　グランツリｰ武蔵小杉　区画145,PA0290331,ＺＡＦ　マカダミアナッツスタイル５　１ｋｇ（南ア,10フクロ×１C/S,0,袋,2500,1,袋,2500,2500,外税
D,2026/7/2,武蔵小杉店（株式会社パット）,池伝株式会社,神奈川県川崎市中原区新丸子東3丁目1135番1号　グランツリｰ武蔵小杉　区画145,PA0290321,ピエドラ・デル・ソルＥＸＶオリーブオイル　ＭＫ様,4本×１C/S,0,本,5500,2,本,11000,11000,外税
D,2026/7/2,武蔵小杉店（株式会社パット）,池伝株式会社,神奈川県川崎市中原区新丸子東3丁目1135番1号　グランツリｰ武蔵小杉　区画145,PA0290148,TPグリーンオリーブ　340ｇ,12ﾎﾝX1C/S,0,未指定,310,6,本,1860,1860,外税
D,2026/7/2,ＰＡＴ円山本店（株式会社パット）,株式会社桐越,北海道札幌市中央区南一条西27-1-1　マルヤマクラス1F,PA0200076,バジル,pc,0,PC,258,2,PC,516,516,外税
D,2026/7/2,ＰＡＴ円山本店（株式会社パット）,株式会社桐越,北海道札幌市中央区南一条西27-1-1　マルヤマクラス1F,PA0200258,プチトマト　イエロー,,0,PC,618,2,PC,1236,1236,外税
D,2026/7/3,武蔵小杉店（株式会社パット）,株式会社ＢＥＫＪ　大森工場冷生地部門,神奈川県川崎市中原区新丸子東3丁目1135番1号　グランツリｰ武蔵小杉　区画145,PA0140041,【冷生地】クイニーアマン,80個,80,セット,9800,1,セット,9800,9800,外税
D,2026/7/3,ＰＡＴ円山本店（株式会社パット）,株式会社ＢＥＫＪ　大森工場冷生地部門,北海道札幌市中央区南一条西27-1-1　マルヤマクラス1F,PA0140012,【冷生地】パンオレザン,80個,80,セット,10360,1,セット,10360,10360,外税
D,2026/7/3,ＰＡＴ円山本店（株式会社パット）,株式会社ＢＥＫＪ　大森工場冷生地部門,北海道札幌市中央区南一条西27-1-1　マルヤマクラス1F,PA0140046,【冷生地】パンスイス（仙台）,140個,140,セット,36260,1,セット,36260,36260,外税
D,2026/7/3,ＰＡＴ円山本店（株式会社パット）,株式会社ＢＥＫＪ　大森工場冷生地部門,北海道札幌市中央区南一条西27-1-1　マルヤマクラス1F,PA0140002,【冷生地】パンオショコラ,136個,136,セット,17136,1,セット,17136,17136,外税
D,2026/7/3,ＰＡＴ円山本店（株式会社パット）,株式会社ＢＥＫＪ　大森工場冷生地部門,北海道札幌市中央区南一条西27-1-1　マルヤマクラス1F,PA0140009,【冷生地】ビション（半のし）,120個,120,セット,10584,1,セット,10584,10584,外税
D,2026/7/3,ＰＡＴ円山本店（株式会社パット）,株式会社ＢＥＫＪ　大森工場冷生地部門,北海道札幌市中央区南一条西27-1-1　マルヤマクラス1F,PA0140047,【冷生地】クロワッサン ルージュ（熊本用）,294個,294,セット,46305,1,セット,46305,46305,外税
D,2026/7/3,ＰＡＴ円山本店（株式会社パット）,石川株式会社,北海道札幌市中央区南一条西27-1-1　マルヤマクラス1F,PA0280070,レギュラーイースト　500ｇバラ,,0,未指定,270,10,個,2700,2700,外税
D,2026/7/3,武蔵小杉店（株式会社パット）,石川株式会社,神奈川県川崎市中原区新丸子東3丁目1135番1号　グランツリｰ武蔵小杉　区画145,PA0280003,東洋グラ　TTGA,30kg 混載10袋～,1,袋,6900,1,袋,6900,6900,外税
D,2026/7/3,武蔵小杉店（株式会社パット）,三本珈琲株式会社　横浜支店,神奈川県川崎市中原区新丸子東3丁目1135番1号　グランツリｰ武蔵小杉　区画145,PC0230005,トロピカーナ　オレンジ　２５０ｍｌ　２４本入,250ml,24,C/S,2880,1,C/S,2880,2880,外税
D,2026/7/3,武蔵小杉店（株式会社パット）,三本珈琲株式会社　横浜支店,神奈川県川崎市中原区新丸子東3丁目1135番1号　グランツリｰ武蔵小杉　区画145,PC0230004,トロピカーナ　アップル　２５０ｍｌ　２４本入,250ml,24,C/S,2208,1,C/S,2208,2208,外税
D,2026/7/3,Ｐａｓａｒ守谷下り店（株式会社パット）,株式会社トーホー・北関東,茨城県守谷市野木崎97-3　常磐自動車道守谷SA（下り線内）　パサｰル守谷下り線　小島屋乳業製菓株式会社,PA0360017,チャオコーココナッツミルク（タイ　＃4,#4,24,缶,310,6,缶,1860,1860,外税
D,2026/7/3,Ｐａｓａｒ守谷下り店（株式会社パット）,株式会社トーホー・北関東,茨城県守谷市野木崎97-3　常磐自動車道守谷SA（下り線内）　パサｰル守谷下り線　小島屋乳業製菓株式会社,PA0360013,カレー屋Ｐ　熟成カレーフィリング　1ｋｇ×12,1ｋｇ,12,未指定,940,24,C/S,22560,22560,外税
D,2026/7/3,Ｐａｓａｒ守谷下り店（株式会社パット）,株式会社トーホー・北関東,茨城県守谷市野木崎97-3　常磐自動車道守谷SA（下り線内）　パサｰル守谷下り線　小島屋乳業製菓株式会社,PA0360012,雪印　バター（食塩不使用）Ｆ,450g,30,個,850,2,個,1700,1700,外税
D,2026/7/3,Ｐａｓａｒ守谷下り店（株式会社パット）,株式会社トーホー・北関東,茨城県守谷市野木崎97-3　常磐自動車道守谷SA（下り線内）　パサｰル守谷下り線　小島屋乳業製菓株式会社,PA0360029,ＥＢ　マヨネーズ（卵黄タイプ） 1K,1k,10,本,640,2,本,1280,1280,外税
D,2026/7/3,Ｐａｓａｒ守谷下り店（株式会社パット）,株式会社トーホー・北関東,茨城県守谷市野木崎97-3　常磐自動車道守谷SA（下り線内）　パサｰル守谷下り線　小島屋乳業製菓株式会社,PA0360031,ALTIVO　EXバージンオリーブオイル　PET　5L,5L,1,個,7650,1,個,7650,7650,外税
D,2026/7/3,Ｐａｓａｒ守谷下り店（株式会社パット）,株式会社トーホー・北関東,茨城県守谷市野木崎97-3　常磐自動車道守谷SA（下り線内）　パサｰル守谷下り線　小島屋乳業製菓株式会社,PA0360032,MCC デリカ ベシャメルソース 1K,,0,未指定,900,8,C/S,7200,7200,外税
D,2026/7/3,Ｐａｓａｒ守谷下り店（株式会社パット）,株式会社トーホー・北関東,茨城県守谷市野木崎97-3　常磐自動車道守谷SA（下り線内）　パサｰル守谷下り線　小島屋乳業製菓株式会社,PA0360015,味の素　Gグリルチキン（タンドリー）,720g,8,袋,1520,8,C/S,12160,12160,外税
D,2026/7/3,Ｐａｓａｒ守谷下り店（株式会社パット）,株式会社ひのー,茨城県守谷市野木崎97-3　常磐自動車道守谷SA（下り線内）　パサｰル守谷下り線　小島屋乳業製菓株式会社,PA0110053,森永 チッフﾟチョコ ホワイト 10K,10K×1,1,未指定,21300,1,C/S,21300,21300,外税
D,2026/7/3,Ｐａｓａｒ守谷下り店（株式会社パット）,株式会社ひのー,茨城県守谷市野木崎97-3　常磐自動車道守谷SA（下り線内）　パサｰル守谷下り線　小島屋乳業製菓株式会社,,クール代,,0,未指定,400,1,口,400,400,外税
D,2026/7/3,ＰＡＴ円山本店（株式会社パット）,池伝株式会社　札幌支店,北海道札幌市中央区南一条西27-1-1　マルヤマクラス1F,PA0300456,茜丸　かのこ手亡　1㎏,4ﾌｸﾛ×1C/S,1,C/S,3920,1,C/S,3920,3920,外税
D,2026/7/3,ＰＡＴ円山本店（株式会社パット）,池伝株式会社　札幌支店,北海道札幌市中央区南一条西27-1-1　マルヤマクラス1F,PA0300204,USクルミLMP不選別　13.6kgMK,13.6kg×1C/S,1,C/S,18632,1,C/S,18632,18632,外税
D,2026/7/3,ＰＡＴ円山本店（株式会社パット）,池伝株式会社　札幌支店,北海道札幌市中央区南一条西27-1-1　マルヤマクラス1F,PA0300394,田中　かのこ豆　うぐいす　2kg,2kg×2×1C/S,1,C/S,3880,1,C/S,3880,3880,外税
D,2026/7/3,ＰＡＴ円山本店（株式会社パット）,池伝株式会社　札幌支店,北海道札幌市中央区南一条西27-1-1　マルヤマクラス1F,PA0300395,田中　かのこ豆　十勝産小豆　2kg,2kg×2×1C/S,1,C/S,4000,1,C/S,4000,4000,外税
D,2026/7/3,ＰＡＴ円山本店（株式会社パット）,池伝株式会社　札幌支店,北海道札幌市中央区南一条西27-1-1　マルヤマクラス1F,PA0300382,SM まるコロたまご　H　P　AR　20g,20ケ×12×1C/S,1,C/S,9700,1,C/S,9700,9700,外税
D,2026/7/3,ＰＡＴ円山本店（株式会社パット）,池伝株式会社　札幌支店,北海道札幌市中央区南一条西27-1-1　マルヤマクラス1F,PA0300320,ｶｰﾚｯｸｽ ｽﾌﾟﾚｰ 600ml,600ｍｌｘ1,1,本,830,4,本,3320,3320,外税
D,2026/7/3,ＰＡＴ円山本店（株式会社パット）,池伝株式会社　札幌支店,北海道札幌市中央区南一条西27-1-1　マルヤマクラス1F,PA0300038,マカデミアンナッツホール　1ｋｇ,,0,未指定,3500,2,袋,7000,7000,外税
D,2026/7/3,ＰＡＴ円山本店（株式会社パット）,池伝株式会社　札幌支店,北海道札幌市中央区南一条西27-1-1　マルヤマクラス1F,PA0300206,星印　洗いごま　白　1kg,1kg×12×1C/S,1,kg,770,1,kg,770,770,外税
D,2026/7/3,武蔵小杉店（株式会社パット）,株式会社フードフアッション,神奈川県川崎市中原区新丸子東3丁目1135番1号　グランツリｰ武蔵小杉　区画145,PA0120004,スイス・エミー　エメンタール　KC,3.5ｋｇ×8,0,未指定,3780,7.48,kg,28274,28274,外税
D,2026/7/3,武蔵小杉店（株式会社パット）,株式会社フードフアッション,神奈川県川崎市中原区新丸子東3丁目1135番1号　グランツリｰ武蔵小杉　区画145,PA0120013,Ｓａｃｈｓｅｎ　モッツァレラ　約１ＫＧ,約1KG,10,kg,1400,3.96,kg,5544,5544,外税
D,2026/7/3,武蔵小杉店（株式会社パット）,有限会社城北青果,神奈川県川崎市中原区新丸子東3丁目1135番1号　グランツリｰ武蔵小杉　区画145,PA0340033,バジル（バジリコ）20g,愛知,0,PC,200,10,PC,2000,2000,外税
D,2026/7/3,武蔵小杉店（株式会社パット）,中沢乳業株式会社,神奈川県川崎市中原区新丸子東3丁目1135番1号　グランツリｰ武蔵小杉　区画145,PA0310015,セーヌ　（殺菌全卵液卵）　1kg,1kg,1,本,540,3,本,1620,1620,外税
D,2026/7/3,武蔵小杉店（株式会社パット）,中沢乳業株式会社,神奈川県川崎市中原区新丸子東3丁目1135番1号　グランツリｰ武蔵小杉　区画145,PA0310018,Ｍｉｌｋ（ミルク）　無調整牛乳　1000ml,1000ｍｌ,1,本,223,6,本,1338,1338,外税
D,2026/7/3,武蔵小杉店（株式会社パット）,中沢乳業株式会社,神奈川県川崎市中原区新丸子東3丁目1135番1号　グランツリｰ武蔵小杉　区画145,PA0310011,サワークリーム　1000ml,1000ml,0,未指定,1702,3,個,5106,5106,外税
D,2026/7/3,ＰＡＴ円山本店（株式会社パット）,株式会社桐越,北海道札幌市中央区南一条西27-1-1　マルヤマクラス1F,PA0200001,玉子　Ｍ　玉,,0,玉,314,2,玉,628,628,外税
D,2026/7/3,ＰＡＴ円山本店（株式会社パット）,株式会社桐越,北海道札幌市中央区南一条西27-1-1　マルヤマクラス1F,PA0200256,プチトマト　みどり,,0,PC,758,3,PC,2274,2274,外税
D,2026/7/4,ＰＡＴ円山本店（株式会社パット）,株式会社トーホーフードサービス　グループ,北海道札幌市中央区南一条西27-1-1　マルヤマクラス1F,PA0100161,中沢サワークリーム　1L,1L,0,PC,2040,2,PC,4080,4080,外税
D,2026/7/4,武蔵小杉店（株式会社パット）,株式会社ＢＥＫＪ　大森工場冷生地部門,神奈川県川崎市中原区新丸子東3丁目1135番1号　グランツリｰ武蔵小杉　区画145,PA0140010,【冷生地】ショソンオポム,100個,100,セット,12950,1,セット,12950,12950,外税
D,2026/7/4,ＰＡＴ円山本店（株式会社パット）,石川株式会社,北海道札幌市中央区南一条西27-1-1　マルヤマクラス1F,PA0280031,Ｐ２１１　パストラミビーフスライス　５００ｇ,500g　【ＰＣ】で発注をお願い致します。,0,未指定,2650,5,PC,13250,13250,外税
D,2026/7/4,ＰＡＴ円山本店（株式会社パット）,株式会社トーホーフードサービス　グループ,北海道札幌市中央区南一条西27-1-1　マルヤマクラス1F,PA0100277,シュアクリスプマックス　ストレートカット　5LB,,6,C/S,1502,6,袋,9012,9012,外税
D,2026/7/4,ＰＡＴ円山本店（株式会社パット）,株式会社トーホーフードサービス　グループ,北海道札幌市中央区南一条西27-1-1　マルヤマクラス1F,PA0100273,ユニオン　ＣＳ　モッツァレラ　　　　　　　　　６５ｇ,65g,72,未指定,330,12,PC,3960,3960,外税
D,2026/7/4,ＰＡＴ円山本店（株式会社パット）,株式会社トーホーフードサービス　グループ,北海道札幌市中央区南一条西27-1-1　マルヤマクラス1F,PA0100270,ＱＰ　具沢山フィリングアボカド（ワカモレ）　５００ｇ,,10,未指定,750,3,本,2250,2250,外税
D,2026/7/4,ＰＡＴ円山本店（株式会社パット）,株式会社トーホーフードサービス　グループ,北海道札幌市中央区南一条西27-1-1　マルヤマクラス1F,PA0100272,チェスコ　ゴーダスライス　65g,65g,20,未指定,387,10,PC,3870,3870,外税
D,2026/7/4,ＰＡＴ円山本店（株式会社パット）,株式会社トーホーフードサービス　グループ,北海道札幌市中央区南一条西27-1-1　マルヤマクラス1F,PA0100255,ＥＢスモークサーモンスライスＮＥＷ　５００ｇ,500ｇ,20,PC,2672,12,PC,32064,32064,外税
D,2026/7/4,ＰＡＴ円山本店（株式会社パット）,株式会社トーホーフードサービス　グループ,北海道札幌市中央区南一条西27-1-1　マルヤマクラス1F,PA0100256,カゴメ　菜園風野菜のカポナータ 500g,500ｇ,10,未指定,690,8,PC,5520,5520,外税
D,2026/7/4,ＰＡＴ円山本店（株式会社パット）,株式会社トーホーフードサービス　グループ,北海道札幌市中央区南一条西27-1-1　マルヤマクラス1F,PA0100274,さぶーる　はやきたクラシック生ハム　150ｇ,150ｇ,20,未指定,1030,10,袋,10300,10300,外税
D,2026/7/4,ＰＡＴ円山本店（株式会社パット）,株式会社トーホーフードサービス　グループ,北海道札幌市中央区南一条西27-1-1　マルヤマクラス1F,PA0100260,マイユ　ディジョン　マスタード　865g,865g,6,本,1060,1,個,1060,1060,外税
D,2026/7/4,ＰＡＴ円山本店（株式会社パット）,株式会社トーホーフードサービス　グループ,北海道札幌市中央区南一条西27-1-1　マルヤマクラス1F,PA0100251,ＱＰ　スノーマン　とろ～りやわらかたまご,700ｇ,10,袋,887,1,PC,887,887,外税
D,2026/7/4,ＰＡＴ円山本店（株式会社パット）,株式会社トーホーフードサービス　グループ,北海道札幌市中央区南一条西27-1-1　マルヤマクラス1F,PA0100258,ＥＢ　バジルソース,500ｇ,20,PC,1112,2,PC,2224,2224,外税
D,2026/7/4,Ｐａｓａｒ守谷下り店（株式会社パット）,中沢乳業株式会社　城南島インフォメーション地方課,茨城県守谷市野木崎97-3　常磐自動車道守谷SA（下り線内）　パサｰル守谷下り線　小島屋乳業製菓株式会社,PA0320010,よつ葉　北海道脱脂粉乳　1kg,1kg,1,袋,1202,2,袋,2404,2404,外税
D,2026/7/4,Ｐａｓａｒ守谷下り店（株式会社パット）,中沢乳業株式会社　城南島インフォメーション地方課,茨城県守谷市野木崎97-3　常磐自動車道守谷SA（下り線内）　パサｰル守谷下り線　小島屋乳業製菓株式会社,PA0320014,ロワール　（殺菌凍結２０％加糖卵黄）　1kg,1kg,1,本,990,1,本,990,990,外税
D,2026/7/4,ＰＡＴ円山本店（株式会社パット）,株式会社トーホーフードサービス　グループ,北海道札幌市中央区南一条西27-1-1　マルヤマクラス1F,PA0100285,チェスコ　レッドチェダーシュレッド　１ｋ,1ｋ,10,未指定,2550,2,個,5100,5100,外税
D,2026/7/4,ＰＡＴ円山本店（株式会社パット）,株式会社トーホーフードサービス　グループ,北海道札幌市中央区南一条西27-1-1　マルヤマクラス1F,PA0100280,QP　業務用　オランデーズソース　1ｋ,1k,10,個,1220,1,PC,1220,1220,外税
D,2026/7/4,ＰＡＴ円山本店（株式会社パット）,株式会社トーホーフードサービス　グループ,北海道札幌市中央区南一条西27-1-1　マルヤマクラス1F,PA0100024,メグ　北海道フレッシュクリーム３５　　１Ｌ,１Ｌ,12,C/S,1116,3,本,3348,3348,外税
D,2026/7/4,ＰＡＴ円山本店（株式会社パット）,株式会社トーホーフードサービス　グループ,北海道札幌市中央区南一条西27-1-1　マルヤマクラス1F,PA0100157,メグ　ＬＬ北海道牛乳　１Ｌ,１Ｌ,12,未指定,322,12,C/S,3864,3864,外税
D,2026/7/4,ＰＡＴ円山本店（株式会社パット）,株式会社トーホーフードサービス　グループ,北海道札幌市中央区南一条西27-1-1　マルヤマクラス1F,PA0100206,ＥＢ　生パン粉　１ｋ,１ｋ,10,未指定,500,1,PC,500,500,外税
D,2026/7/4,ＰＡＴ円山本店（株式会社パット）,株式会社桐越,北海道札幌市中央区南一条西27-1-1　マルヤマクラス1F,PA0200257,プチトマト　Ｓ,200ｇ,0,PC,308,1,PC,308,308,外税
D,2026/7/4,ＰＡＴ円山本店（株式会社パット）,株式会社桐越,北海道札幌市中央区南一条西27-1-1　マルヤマクラス1F,PA0200074,ペパーミント,,0,PC,258,1,PC,258,258,外税
D,2026/7/5,ＰＡＴ円山本店（株式会社パット）,石川株式会社,北海道札幌市中央区南一条西27-1-1　マルヤマクラス1F,PA0280004,北連ビートグラニュー糖,30kg 混載10袋～,1,袋,6990,1,袋,6990,6990,外税
D,2026/7/6,武蔵小杉店（株式会社パット）,株式会社ＢＥＫＪ　大森工場冷生地部門,神奈川県川崎市中原区新丸子東3丁目1135番1号　グランツリｰ武蔵小杉　区画145,PA0140034,【冷生地】デニッシュスクエア80ｇ,20個,20,セット,1753.6,1,セット,1753,1753,外税
D,2026/7/6,ＰＡＴ円山本店（株式会社パット）,株式会社ＡＭトレーディング,北海道札幌市中央区南一条西27-1-1　マルヤマクラス1F,PA0040032,＆カモミール+ラベンダー,２ｇ×50ＴＢ,0,袋,3375,1,袋,3375,3375,外税
D,2026/7/6,ＰＡＴ円山本店（株式会社パット）,株式会社ＡＭトレーディング,北海道札幌市中央区南一条西27-1-1　マルヤマクラス1F,PA0040033,＆ダマスクローズティー,50包,1,袋,3750,1,袋,3750,3750,外税
D,2026/7/6,ＰＡＴ円山本店（株式会社パット）,株式会社ＡＭトレーディング,北海道札幌市中央区南一条西27-1-1　マルヤマクラス1F,PA0040028,＆ダージリン,25TB,1,袋,1100,1,袋,1100,1100,外税
D,2026/7/6,ＰＡＴ円山本店（株式会社パット）,株式会社ＡＭトレーディング,北海道札幌市中央区南一条西27-1-1　マルヤマクラス1F,PA0040029,＆アールグレイ　50TB,2.5g×50TB,1,袋,3375,1,袋,3375,3375,外税
D,2026/7/6,武蔵小杉店（株式会社パット）,石川株式会社,神奈川県川崎市中原区新丸子東3丁目1135番1号　グランツリｰ武蔵小杉　区画145,PA0280060,グラハムブレットフラワ－,25kg　混載40袋以上,1,袋,3758,1,袋,3758,3758,外税
D,2026/7/6,Ｐａｓａｒ守谷下り店（株式会社パット）,株式会社トーホー・北関東,茨城県守谷市野木崎97-3　常磐自動車道守谷SA（下り線内）　パサｰル守谷下り線　小島屋乳業製菓株式会社,PA0360025,ソントン　ポシェットプチピーナッツR　800ｇ,800g,4,未指定,3440,1,C/S,3440,3440,外税
D,2026/7/6,Ｐａｓａｒ守谷下り店（株式会社パット）,株式会社トーホー・北関東,茨城県守谷市野木崎97-3　常磐自動車道守谷SA（下り線内）　パサｰル守谷下り線　小島屋乳業製菓株式会社,PA0360018,辛子明太子539R　500ｇ,500g.,20,未指定,1075,20,C/S,21500,21500,外税
D,2026/7/6,ＰＡＴ円山本店（株式会社パット）,株式会社河内屋ジェノス（旧：ジェノス）,北海道札幌市中央区南一条西27-1-1　マルヤマクラス1F,PA0190008,ASｳｨﾙｷﾝｿﾝ ﾀﾝｻﾝ 500mlﾍﾟｯﾄ,500ML,24,本,130,1,本,130,130,外税
D,2026/7/6,ＰＡＴ円山本店（株式会社パット）,株式会社河内屋ジェノス（旧：ジェノス）,北海道札幌市中央区南一条西27-1-1　マルヤマクラス1F,PA0190007,ｺｶｺｰﾗ 小瓶,190ML,24,本,160,24,本,3840,3840,外税
D,2026/7/6,ＰＡＴ円山本店（株式会社パット）,株式会社河内屋ジェノス（旧：ジェノス）,北海道札幌市中央区南一条西27-1-1　マルヤマクラス1F,PA0190001,KI ﾊｰﾄﾗﾝﾄﾞ小瓶,330ML,30,本,6920,1,C/S,6920,6920,外税
D,2026/7/6,ＰＡＴ円山本店（株式会社パット）,池伝株式会社　札幌支店,北海道札幌市中央区南一条西27-1-1　マルヤマクラス1F,PA0300461,タカ　フランボワーズ　Ｌ４５０ＳＰ,10ﾌｸﾛX1C/S,0,袋,2150,10,袋,21500,21500,外税
D,2026/7/6,ＰＡＴ円山本店（株式会社パット）,池伝株式会社　札幌支店,北海道札幌市中央区南一条西27-1-1　マルヤマクラス1F,PA0300465,ＮＫ ロッシュショコラ,1.5ｋｇｘ6袋,1,C/S,2900,6,袋,17400,17400,外税
D,2026/7/6,ＰＡＴ円山本店（株式会社パット）,池伝株式会社　札幌支店,北海道札幌市中央区南一条西27-1-1　マルヤマクラス1F,PA0300022,皮むき　アーモンドパウダー　2㎏　  専用品,6フクロX1C/S,0,未指定,3300,2,袋,6600,6600,外税
D,2026/7/6,ＰＡＴ円山本店（株式会社パット）,池伝株式会社　札幌支店,北海道札幌市中央区南一条西27-1-1　マルヤマクラス1F,PA0300460,ソントン　西尾の抹茶　　　クリーム　１㎏,１C/S×6袋,1,C/S,5280,1,C/S,5280,5280,外税
D,2026/7/6,ＰＡＴ円山本店（株式会社パット）,池伝株式会社　札幌支店,北海道札幌市中央区南一条西27-1-1　マルヤマクラス1F,PA0300429,ﾎﾟｰﾄﾛｲﾔﾙ ﾚｯﾄﾞﾗﾑ 40ﾟLQR 1.8L,6本ｘ1c/ｓ,1,本,3250,1,本,3250,3250,外税
D,2026/7/6,ＰＡＴ円山本店（株式会社パット）,池伝株式会社　札幌支店,北海道札幌市中央区南一条西27-1-1　マルヤマクラス1F,PA0300273,デルタ　ドライ白いちじくダイス国内選別 １０kg,10ｋｇｘ1ｃ/ｓ,1,C/S,20300,1,C/S,20300,20300,外税
D,2026/7/6,ＰＡＴ円山本店（株式会社パット）,池伝株式会社　札幌支店,北海道札幌市中央区南一条西27-1-1　マルヤマクラス1F,PA0300016,うめはら オレンシﾞカット 5ミリ A,10KGX1C/S,0,未指定,13240,1,C/S,13240,13240,外税
D,2026/7/6,ＰＡＴ円山本店（株式会社パット）,株式会社桐越,北海道札幌市中央区南一条西27-1-1　マルヤマクラス1F,PA0200254,レモン　国産,,0,玉,298,15,玉,4470,4470,外税
D,2026/7/6,Ｐａｓａｒ守谷下り店（株式会社パット）,株式会社トーホー・北関東,茨城県守谷市野木崎97-3　常磐自動車道守谷SA（下り線内）　パサｰル守谷下り線　小島屋乳業製菓株式会社,PA0360024,旨味たまねぎのオリジナルベース　1ｋｇ,1kg,5,未指定,4125,1,C/S,4125,4125,外税
D,2026/7/7,武蔵小杉店（株式会社パット）,株式会社ＢＥＫＪ　大森工場冷生地部門,神奈川県川崎市中原区新丸子東3丁目1135番1号　グランツリｰ武蔵小杉　区画145,PA0140018,【冷生地】クロワッサンカネル,80個,80,セット,10360,1,セット,10360,10360,外税
D,2026/7/7,Ｐａｓａｒ守谷下り店（株式会社パット）,池伝株式会社,茨城県守谷市野木崎97-3　常磐自動車道守谷SA（下り線内）　パサｰル守谷下り線　小島屋乳業製菓株式会社,PA0290174,ナイキフーズ　グレイン　　マスタード　MK様用,25フクロX1C／S,0,未指定,490,10,袋,4900,4900,外税
D,2026/7/7,Ｐａｓａｒ守谷下り店（株式会社パット）,池伝株式会社,茨城県守谷市野木崎97-3　常磐自動車道守谷SA（下り線内）　パサｰル守谷下り線　小島屋乳業製菓株式会社,PA0290349,ギャバン　コーングリッツ　１㎏,10ﾌｸﾛX1C/S,0,袋,750,2,袋,1500,1500,外税
D,2026/7/7,武蔵小杉店（株式会社パット）,株式会社ひのー,神奈川県川崎市中原区新丸子東3丁目1135番1号　グランツリｰ武蔵小杉　区画145,PA0110232,ﾀｶ 紅はるか蜜着 7.5DF 2K,2K,5,PC,2270,1,PC,2270,2270,外税
D,2026/7/7,武蔵小杉店（株式会社パット）,株式会社ひのー,神奈川県川崎市中原区新丸子東3丁目1135番1号　グランツリｰ武蔵小杉　区画145,PA0110034,ｶｾｲ さつま甘露煮 1k,1ｋ,1,PC,1290,2,PC,2580,2580,外税
D,2026/7/7,武蔵小杉店（株式会社パット）,池伝株式会社,神奈川県川崎市中原区新丸子東3丁目1135番1号　グランツリｰ武蔵小杉　区画145,PA0290320,日本サイト　つぶジャム　　練乳　２㎏,6袋×１C/S,0,袋,2200,1,袋,2200,2200,外税
D,2026/7/7,武蔵小杉店（株式会社パット）,池伝株式会社,神奈川県川崎市中原区新丸子東3丁目1135番1号　グランツリｰ武蔵小杉　区画145,PA0290327,ナイキフーズ　ディジョンマスタードＮ　５００ｇ,25袋×１C/S,0,袋,480,1,袋,480,480,外税
D,2026/7/7,武蔵小杉店（株式会社パット）,池伝株式会社,神奈川県川崎市中原区新丸子東3丁目1135番1号　グランツリｰ武蔵小杉　区画145,PA0290287,茜丸　スイートポテト　１Ｋ,,0,未指定,4620,1,C/S,4620,4620,外税
D,2026/7/7,武蔵小杉店（株式会社パット）,池伝株式会社,神奈川県川崎市中原区新丸子東3丁目1135番1号　グランツリｰ武蔵小杉　区画145,PA0290136,デルタ　ドライ白いちじく　ダイス　国内選別　ＭＫ様　１０ｋｇ,10kgX1C/S,0,C/S,20300,1,C/S,20300,20300,外税
D,2026/7/7,武蔵小杉店（株式会社パット）,池伝株式会社,神奈川県川崎市中原区新丸子東3丁目1135番1号　グランツリｰ武蔵小杉　区画145,PA0290104,冷凍　ゴルゴンゾーラ・ピッカンテ　ＩＱＦ　１ｋｇ,1kgX12X1C/S,0,袋,4650,1,袋,4650,4650,外税
D,2026/7/7,武蔵小杉店（株式会社パット）,池伝株式会社,神奈川県川崎市中原区新丸子東3丁目1135番1号　グランツリｰ武蔵小杉　区画145,PA0290189,ヘーゼルナッツホール　皮付　２㎏,2kg×1ﾌｸﾛ,0,袋,8200,1,袋,8200,8200,外税
D,2026/7/7,武蔵小杉店（株式会社パット）,池伝株式会社,神奈川県川崎市中原区新丸子東3丁目1135番1号　グランツリｰ武蔵小杉　区画145,PA0290316,ステンスマ　オレンジピール　６×６㎜　１２．５㎏,,0,未指定,16900,1,C/S,16900,16900,外税
D,2026/7/7,武蔵小杉店（株式会社パット）,池伝株式会社,神奈川県川崎市中原区新丸子東3丁目1135番1号　グランツリｰ武蔵小杉　区画145,PA0290339,Ｔ＆Ｃ　パータグラッセ リュクブラン　２㎏,2kg×3ヶ×1CS,0,ヶ,3600,1,ヶ,3600,3600,外税
D,2026/7/7,武蔵小杉店（株式会社パット）,池伝株式会社,神奈川県川崎市中原区新丸子東3丁目1135番1号　グランツリｰ武蔵小杉　区画145,PA0290356,ラビ･フリュイ　冷凍 レモンゼスト　５００ｇ,6ｹX1C/S,0,ヶ,1300,1,ヶ,1300,1300,外税
D,2026/7/7,武蔵小杉店（株式会社パット）,池伝株式会社,神奈川県川崎市中原区新丸子東3丁目1135番1号　グランツリｰ武蔵小杉　区画145,PA0290357,三海ドライオレンジスライス輪切り　Ｒ　１ｋｇ,10フクロ×１C/S,0,袋,2900,1,袋,2900,2900,外税
D,2026/7/7,ＰＡＴ円山本店（株式会社パット）,株式会社トーホーフードサービス　グループ,北海道札幌市中央区南一条西27-1-1　マルヤマクラス1F,PA0100269,三和油脂　みづほ米サラダ油　１．６５ｋ,,6,未指定,1180,1,本,1180,1180,外税
D,2026/7/8,ＰＡＴ円山本店（株式会社パット）,株式会社ＢＥＫＪ　大森工場冷生地部門,北海道札幌市中央区南一条西27-1-1　マルヤマクラス1F,PA0140045,【冷生地】クロワッサン 抹茶（熊本用）,294個,294,セット,46305,1,セット,46305,46305,外税
D,2026/7/8,武蔵小杉店（株式会社パット）,石川株式会社,神奈川県川崎市中原区新丸子東3丁目1135番1号　グランツリｰ武蔵小杉　区画145,PA0280025,赤穂塩　食塩,25ｋｇ,1,袋,2275,1,袋,2275,2275,外税
D,2026/7/8,Ｐａｓａｒ守谷下り店（株式会社パット）,株式会社トーホー・北関東,茨城県守谷市野木崎97-3　常磐自動車道守谷SA（下り線内）　パサｰル守谷下り線　小島屋乳業製菓株式会社,PA0360066,雪印　バター食塩不使用バラ ＰＹ　ＲＮ　　　　　２０ｋ,,0,未指定,37000,1,個,37000,37000,外税
D,2026/7/8,Ｐａｓａｒ守谷下り店（株式会社パット）,株式会社トーホー・北関東,茨城県守谷市野木崎97-3　常磐自動車道守谷SA（下り線内）　パサｰル守谷下り線　小島屋乳業製菓株式会社,PA0360055,ビターチョコレートフラワーペーストＲ　　　　　　１ｋ,,0,未指定,4290,1,C/S,4290,4290,外税
D,2026/7/8,Ｐａｓａｒ守谷下り店（株式会社パット）,株式会社トーホー・北関東,茨城県守谷市野木崎97-3　常磐自動車道守谷SA（下り線内）　パサｰル守谷下り線　小島屋乳業製菓株式会社,PA0360010,雪印メグミルク　コンデンスミルクTB　480ｇ,480g,12,本,475,0,本,0,0,外税
D,2026/7/9,ＰＡＴ円山本店（株式会社パット）,三本珈琲株式会社　札幌桑園支店,北海道札幌市中央区南一条西27-1-1　マルヤマクラス1F,PA0240001,TWアールグレイティ,1L,6,本,1260,3,C/S,3780,3780,外税
D,2026/7/9,ＰＡＴ円山本店（株式会社パット）,三本珈琲株式会社　札幌桑園支店,北海道札幌市中央区南一条西27-1-1　マルヤマクラス1F,PA0240002,MMC　フレッシュミニ,50P,10,袋,1870,1,C/S,1870,1870,外税
D,2026/7/9,ＰＡＴ円山本店（株式会社パット）,三本珈琲株式会社　札幌桑園支店,北海道札幌市中央区南一条西27-1-1　マルヤマクラス1F,PA0240031,WHITE NOBLE 100％ｵﾚﾝｼﾞｼﾞｭｰｽ 1L,1L/本×6/cs,0,未指定,2400,1,C/S,2400,2400,外税
D,2026/7/9,ＰＡＴ円山本店（株式会社パット）,三本珈琲株式会社　札幌桑園支店,北海道札幌市中央区南一条西27-1-1　マルヤマクラス1F,PA0240040,WHITE NOBLE 100％りんごｼﾞｭｰｽ 1L,1L/本×6/cs,0,未指定,1500,1,C/S,1500,1500,外税
D,2026/7/9,武蔵小杉店（株式会社パット）,石川株式会社,神奈川県川崎市中原区新丸子東3丁目1135番1号　グランツリｰ武蔵小杉　区画145,PA0280039,Ｗ４９３　ハワイアンポチキ　500ｇ　冷蔵,500g,1,PC,1300,4,PC,5200,5200,外税
D,2026/7/9,武蔵小杉店（株式会社パット）,株式会社トーホーフードサービス　グループ,神奈川県川崎市中原区新丸子東3丁目1135番1号　グランツリｰ武蔵小杉　区画145,PA0100234,カゴメ　ピザソース2号缶（NEW）　840ｇ,,12,未指定,512,1,缶,512,512,外税
D,2026/7/9,武蔵小杉店（株式会社パット）,池伝株式会社,神奈川県川崎市中原区新丸子東3丁目1135番1号　グランツリｰ武蔵小杉　区画145,PA0290128,ＵＳクルミナゲット（ＬＭＰ）ＭＫ　１３．６ｋｇ,13.6kgX1C/S,0,C/S,18632,1,C/S,18632,18632,外税
D,2026/7/9,武蔵小杉店（株式会社パット）,株式会社ひのー,神奈川県川崎市中原区新丸子東3丁目1135番1号　グランツリｰ武蔵小杉　区画145,PA0110147,D ﾌﾟﾛｾｽ 赤 8,1kg,10,PC,1850,2,PC,3700,3700,外税
D,2026/7/9,ＰＡＴ円山本店（株式会社パット）,株式会社トーホーフードサービス　グループ,北海道札幌市中央区南一条西27-1-1　マルヤマクラス1F,PA0100103,テーオー　フレンド印生おろしにんにく　１ｋ,１ｋ,15,未指定,999,1,本,999,999,外税
D,2026/7/9,武蔵小杉店（株式会社パット）,池伝株式会社,神奈川県川崎市中原区新丸子東3丁目1135番1号　グランツリｰ武蔵小杉　区画145,PA0290197,うめはら　レモン カット ３㎜ Ａ　1kg,6ヶ×1CS,0,ヶ,1500,1,ヶ,1500,1500,外税
D,2026/7/9,武蔵小杉店（株式会社パット）,池伝株式会社,神奈川県川崎市中原区新丸子東3丁目1135番1号　グランツリｰ武蔵小杉　区画145,PA0290310,ナリヅカ　パールシュガー　Ｃ３０　　１㎏,12ﾌｸﾛX1C/S,0,C/S,1010,1,袋,1010,1010,外税
D,2026/7/9,ＰＡＴ円山本店（株式会社パット）,株式会社トーホーフードサービス　グループ,北海道札幌市中央区南一条西27-1-1　マルヤマクラス1F,PA0100284,ハインツ　グラス・ド・ビアン　＃７,,24,未指定,980,1,PC,980,980,外税
D,2026/7/9,ＰＡＴ円山本店（株式会社パット）,株式会社トーホーフードサービス　グループ,北海道札幌市中央区南一条西27-1-1　マルヤマクラス1F,PA0100252,ＣＴ）チリ産枝付きレーズン　６０ｇ,,12,未指定,550,1,袋,550,550,外税
D,2026/7/9,ＰＡＴ円山本店（株式会社パット）,株式会社トーホーフードサービス　グループ,北海道札幌市中央区南一条西27-1-1　マルヤマクラス1F,PA0100283,ギャバン  オニオンパウダー      350g,350ｇ,12,未指定,1240,1,個,1240,1240,外税
D,2026/7/9,ＰＡＴ円山本店（株式会社パット）,株式会社トーホーフードサービス　グループ,北海道札幌市中央区南一条西27-1-1　マルヤマクラス1F,PA0100282,ギャバン  オレガノ                                 250g,250g,12,未指定,1550,1,缶,1550,1550,外税
D,2026/7/9,ＰＡＴ円山本店（株式会社パット）,株式会社トーホーフードサービス　グループ,北海道札幌市中央区南一条西27-1-1　マルヤマクラス1F,PA0100265,チェスコ　イルドフランスカマンベール　１Ｐ,125ｇ,48,未指定,600,1,個,600,600,外税
D,2026/7/9,ＰＡＴ円山本店（株式会社パット）,株式会社トーホーフードサービス　グループ,北海道札幌市中央区南一条西27-1-1　マルヤマクラス1F,PA0100278,ソレジーナ　グラナパダーノ　  125g,125ｇ,12,個,990,1,個,990,990,外税
D,2026/7/9,ＰＡＴ円山本店（株式会社パット）,株式会社トーホーフードサービス　グループ,北海道札幌市中央区南一条西27-1-1　マルヤマクラス1F,PA0100186,マギー　ブイヨン　グラニューレイト　　１Ｋ,1K,12,缶,1940,1,缶,1940,1940,外税
D,2026/7/10,ＰＡＴ円山本店（株式会社パット）,株式会社イワセ・エスタグループ本社,北海道札幌市中央区南一条西27-1-1　マルヤマクラス1F,PA0060021,秋田屋本店　ミャンマー産はちみつ　２５ｋｇ,２５ｋｇ,1,缶,15500,1,缶,15500,15500,外税
D,2026/7/10,ＰＡＴ円山本店（株式会社パット）,池伝株式会社　札幌支店,北海道札幌市中央区南一条西27-1-1　マルヤマクラス1F,PA0300466,アイコク　ベーキングパウダー　白　２ｋｇ袋,6ﾌｸﾛX1C/S,0,未指定,2400,1,袋,2400,2400,外税
D,2026/7/10,ＰＡＴ円山本店（株式会社パット）,池伝株式会社　札幌支店,北海道札幌市中央区南一条西27-1-1　マルヤマクラス1F,PA0300385,SB カレーヤサン　カレーフィリング　スパイシー　2kg,2kg×6×1C/S,1,C/S,7100,1,C/S,7100,7100,外税
D,2026/7/10,ＰＡＴ円山本店（株式会社パット）,池伝株式会社　札幌支店,北海道札幌市中央区南一条西27-1-1　マルヤマクラス1F,PA0300376,パティス　スーパーポム　4500ｇ,6缶×1Ｃ/Ｓ,1,缶,4600,1,缶,4600,4600,外税
D,2026/7/10,Ｐａｓａｒ守谷下り店（株式会社パット）,株式会社トーホー・北関東,茨城県守谷市野木崎97-3　常磐自動車道守谷SA（下り線内）　パサｰル守谷下り線　小島屋乳業製菓株式会社,PA0360034,宝幸　Ｄプロセス赤８Ｒ １ｋ,,0,未指定,1940,12,C/S,23280,23280,外税
D,2026/7/10,武蔵小杉店（株式会社パット）,株式会社イワセ・エスタグループ本社,神奈川県川崎市中原区新丸子東3丁目1135番1号　グランツリｰ武蔵小杉　区画145,PA0060022,ベルコラーデ　グレンノワールセレクシオンＣＴ　５ｋｇ,５ｋｇ,2,袋,14650,2,袋,29300,29300,外税
D,2026/7/11,武蔵小杉店（株式会社パット）,株式会社ブーランジェリーエリックカイザージャポン,神奈川県川崎市中原区新丸子東3丁目1135番1号　グランツリｰ武蔵小杉　区画145,PC0130023,メゾンカイザーキャラメルサンドメープルワッフル12枚,1,1,個,813,5,個,4065,4065,外税
D,2026/7/11,ＰＡＴ円山本店（株式会社パット）,株式会社トーホーフードサービス　グループ,北海道札幌市中央区南一条西27-1-1　マルヤマクラス1F,PA0100246,ノースイ　美瑛そだちの　粒コーン　１ｋg,1kg,10,PC,690,2,PC,1380,1380,外税
D,2026/7/12,ＰＡＴ円山本店（株式会社パット）,株式会社ＢＥＫＪ　大森工場冷生地部門,北海道札幌市中央区南一条西27-1-1　マルヤマクラス1F,PA0140040,【冷生地】ショソンオポム生地,100個,1,セット,7900,4,セット,31600,31600,外税
D,2026/7/13,ＰＡＴ円山本店（株式会社パット）,石川株式会社,北海道札幌市中央区南一条西27-1-1　マルヤマクラス1F,PA0280094,スイートスノー１ｋｇ×１０,1×10,0,C/S,5690,1,C/S,5690,5690,外税
D,2026/7/13,Ｐａｓａｒ守谷下り店（株式会社パット）,石川株式会社,茨城県守谷市野木崎97-3　常磐自動車道守谷SA（下り線内）　パサｰル守谷下り線　小島屋乳業製菓株式会社,PA0280056,バイオレット,２５ｋｇ,1,袋,4507,1,袋,4507,4507,外税
D,2026/7/13,ＰＡＴ円山本店（株式会社パット）,池伝株式会社　札幌支店,北海道札幌市中央区南一条西27-1-1　マルヤマクラス1F,PA0300001,アーモンド　スライス　　　1㎏袋入,1kgX1フクロ,0,未指定,1900,1,袋,1900,1900,外税
D,2026/7/13,ＰＡＴ円山本店（株式会社パット）,池伝株式会社　札幌支店,北海道札幌市中央区南一条西27-1-1　マルヤマクラス1F,PA0300364,DIアーモンド皮付キザミ　2㎜　2㎏,6袋×1Ｃ/Ｓ,1,袋,3950,1,袋,3950,3950,外税
D,2026/7/13,ＰＡＴ円山本店（株式会社パット）,池伝株式会社　札幌支店,北海道札幌市中央区南一条西27-1-1　マルヤマクラス1F,PA0300026,ナリズカ　グリーンパウダー　Ｄｋ,,1,袋,6500,1,袋,6500,6500,外税
D,2026/7/13,Ｐａｓａｒ守谷下り店（株式会社パット）,株式会社トーホー・北関東,茨城県守谷市野木崎97-3　常磐自動車道守谷SA（下り線内）　パサｰル守谷下り線　小島屋乳業製菓株式会社,PA0360023,プチール ワンモアカスター　900ｇ,900g,6,未指定,3990,1,C/S,3990,3990,外税
D,2026/7/14,ＰＡＴ円山本店（株式会社パット）,株式会社ひのー,北海道札幌市中央区南一条西27-1-1　マルヤマクラス1F,PA0110262,ﾄﾙｺ産 ｻﾙﾀﾅﾚｰｽﾞﾝTYPE　8,12.5k,1,C/S,9530,2,C/S,19060,19060,外税
D,2026/7/14,ＰＡＴ円山本店（株式会社パット）,株式会社ひのー,北海道札幌市中央区南一条西27-1-1　マルヤマクラス1F,PA0110284,ﾄﾙｺ　G ﾚｰｽﾞﾝ TYPE 9  12.5k,12.5k,1,C/S,8625,2,C/S,17250,17250,外税
D,2026/7/14,武蔵小杉店（株式会社パット）,池伝株式会社,神奈川県川崎市中原区新丸子東3丁目1135番1号　グランツリｰ武蔵小杉　区画145,PA0290270,ＤＩ　ピスタチオパウダー　１㎏,12kg×1CS,0,kg,5400,1,kg,5400,5400,外税
D,2026/7/14,武蔵小杉店（株式会社パット）,池伝株式会社,神奈川県川崎市中原区新丸子東3丁目1135番1号　グランツリｰ武蔵小杉　区画145,PA0290319,マスネ クレーム・ﾄﾞ・カシス　２０ﾟ  ７００ｍｌ  取寄,6ﾎﾝX1C/S,0,本,2680,0,本,0,0,外税
D,2026/7/14,武蔵小杉店（株式会社パット）,株式会社ひのー,神奈川県川崎市中原区新丸子東3丁目1135番1号　グランツリｰ武蔵小杉　区画145,PA0110083,JFDA トﾞライハﾟン粉 2K,2K,1,PC,1220,1,PC,1220,1220,外税
D,2026/7/14,武蔵小杉店（株式会社パット）,株式会社ひのー,神奈川県川崎市中原区新丸子東3丁目1135番1号　グランツリｰ武蔵小杉　区画145,PA0110027,けしの実 1K,1K×1,1,未指定,1720,1,kg,1720,1720,外税
D,2026/7/14,ＰＡＴ円山本店（株式会社パット）,株式会社トーホーフードサービス　グループ,北海道札幌市中央区南一条西27-1-1　マルヤマクラス1F,PA0100244,ケンコーマヨネーズ　ベイクドスライスポテト,1ｋ,10,未指定,615,2,PC,1230,1230,外税
D,2026/7/14,武蔵小杉店（株式会社パット）,マンドスジャパン株式会社,神奈川県川崎市中原区新丸子東3丁目1135番1号　グランツリｰ武蔵小杉　区画145,PA0020003,カラマタオリーブ種ナシ２ｋｇ,２ｋｇプラスチック,1,瓶,3210,6,個,19260,19260,外税
D,2026/7/14,ＰＡＴ円山本店（株式会社パット）,池伝株式会社　札幌支店,北海道札幌市中央区南一条西27-1-1　マルヤマクラス1F,PA0300469,ルッソ　リモンチェッロ　700ｍｌ,,0,本,2750,1,本,2750,2750,外税
D,2026/7/14,武蔵小杉店（株式会社パット）,株式会社ひのー,神奈川県川崎市中原区新丸子東3丁目1135番1号　グランツリｰ武蔵小杉　区画145,PA0110258,いのすや ﾚﾓﾝｾﾞｽﾄ国産 100g,100g,10,PC,1340,2,PC,2680,2680,外税
D,2026/7/14,武蔵小杉店（株式会社パット）,株式会社ひのー,神奈川県川崎市中原区新丸子東3丁目1135番1号　グランツリｰ武蔵小杉　区画145,PA0110139,G ハﾟセリ 80g,80g×1,1,未指定,980,1,缶,980,980,外税
D,2026/7/14,ＰＡＴ円山本店（株式会社パット）,株式会社トーホーフードサービス　グループ,北海道札幌市中央区南一条西27-1-1　マルヤマクラス1F,PA0100267,ＥＢ　プレミアムバニラアイス　２Ｌ,２Ｌ,6,個,1450,1,個,1450,1450,外税
D,2026/7/14,ＰＡＴ円山本店（株式会社パット）,株式会社トーホーフードサービス　グループ,北海道札幌市中央区南一条西27-1-1　マルヤマクラス1F,PA0100271,ロッテ　フルーツソルベ芳醇カシス　2000ｍｌ,2000ｍｌ,4,個,1449,1,PC,1449,1449,外税
D,2026/7/16,ＰＡＴ円山本店（株式会社パット）,石川株式会社,北海道札幌市中央区南一条西27-1-1　マルヤマクラス1F,PA0280022,Ｓ302　バジリコチキンスライス　　500ｇ,500g　【ＰＣ】で発注をお願い致します。,0,未指定,1420,10,PC,14200,14200,外税
D,2026/7/16,ＰＡＴ円山本店（株式会社パット）,石川株式会社,北海道札幌市中央区南一条西27-1-1　マルヤマクラス1F,PA0280085,Ｗ493　ハワイアンポチキ　　５００ｇ　短,５００ｇ　【ＰＣ】で発注をお願い致します。,0,未指定,1300,10,kg,13000,13000,外税
D,2026/7/16,Ｐａｓａｒ守谷下り店（株式会社パット）,株式会社ひのー,茨城県守谷市野木崎97-3　常磐自動車道守谷SA（下り線内）　パサｰル守谷下り線　小島屋乳業製菓株式会社,PA0110260,愛国 ﾍﾞｰｷﾝｸﾞﾊﾟｳﾀﾞｰ 赤 ﾌﾟﾚﾐｱﾑ 450g,450ｇ,12,PC,660,4,本,2640,2640,外税
D,2026/7/16,武蔵小杉店（株式会社パット）,株式会社ひのー,神奈川県川崎市中原区新丸子東3丁目1135番1号　グランツリｰ武蔵小杉　区画145,PA0110224,ﾛﾙﾌ ｴﾒﾝﾀｰﾙ ﾀﾞｲｽ ｶｯﾄ ﾁｰｽﾞ,1kg,12,PC,2600,1,PC,2600,2600,外税
D,2026/7/16,武蔵小杉店（株式会社パット）,池伝株式会社,神奈川県川崎市中原区新丸子東3丁目1135番1号　グランツリｰ武蔵小杉　区画145,PA0290039,南山園　グリーン抹茶パウダー　１㎏,10ﾌｸﾛ×1C/S,0,袋,12400,1,袋,12400,12400,外税
D,2026/7/16,武蔵小杉店（株式会社パット）,池伝株式会社,神奈川県川崎市中原区新丸子東3丁目1135番1号　グランツリｰ武蔵小杉　区画145,PA0290344,茜丸　粒餡　３㎏,4袋×1CS,0,袋,1970,4,袋,7880,7880,外税
D,2026/7/16,武蔵小杉店（株式会社パット）,池伝株式会社,神奈川県川崎市中原区新丸子東3丁目1135番1号　グランツリｰ武蔵小杉　区画145,PA0290323,ＤＩ　粉糖　４㎏,5袋×1CS,0,袋,1350,1,袋,1350,1350,外税
D,2026/7/17,Ｐａｓａｒ守谷下り店（株式会社パット）,株式会社トーホー・北関東,茨城県守谷市野木崎97-3　常磐自動車道守谷SA（下り線内）　パサｰル守谷下り線　小島屋乳業製菓株式会社,PA0360021,ロルフ　Dオランダエメンタール10　1KG,1kg,12,未指定,30900,0,C/S,0,0,外税
D,2026/7/17,ＰＡＴ円山本店（株式会社パット）,三本珈琲株式会社　札幌桑園支店,北海道札幌市中央区南一条西27-1-1　マルヤマクラス1F,PA0240005,MMCスティックシュガー3ｇ,300本,6,箱,640,1,箱,640,640,外税
D,2026/7/17,ＰＡＴ円山本店（株式会社パット）,池伝株式会社　札幌支店,北海道札幌市中央区南一条西27-1-1　マルヤマクラス1F,PA0300121,ＤＩ　粉糖　箱入　4ｋｇ,,0,未指定,1350,1,袋,1350,1350,外税
D,2026/7/17,ＰＡＴ円山本店（株式会社パット）,池伝株式会社　札幌支店,北海道札幌市中央区南一条西27-1-1　マルヤマクラス1F,PA0300350,皮付き　ヘーゼルナッツ　ホール,2ｋｇｘ1,1,袋,8200,1,袋,8200,8200,外税
D,2026/7/17,ＰＡＴ円山本店（株式会社パット）,池伝株式会社　札幌支店,北海道札幌市中央区南一条西27-1-1　マルヤマクラス1F,PA0300236,USクルミLMP　13.6kg　MK,13.6kg×1C/S,1,C/S,18632,1,C/S,18632,18632,外税
D,2026/7/17,ＰＡＴ円山本店（株式会社パット）,池伝株式会社　札幌支店,北海道札幌市中央区南一条西27-1-1　マルヤマクラス1F,PA0300110,森永 チッフﾟチョコホワイト5号,10KGX1C/S,0,未指定,22000,1,C/S,22000,22000,外税
D,2026/7/17,ＰＡＴ円山本店（株式会社パット）,池伝株式会社　札幌支店,北海道札幌市中央区南一条西27-1-1　マルヤマクラス1F,PA0300353,ヒﾟューラックス 1.8L,6ホンX1C/S,0,未指定,840,1,本,840,840,外税
D,2026/7/17,ＰＡＴ円山本店（株式会社パット）,池伝株式会社　札幌支店,北海道札幌市中央区南一条西27-1-1　マルヤマクラス1F,PA0300305,みたけ　きな粉　1ｋｇ,1kgx1,1,袋,550,0,袋,0,0,外税
D,2026/7/18,武蔵小杉店（株式会社パット）,石川株式会社,神奈川県川崎市中原区新丸子東3丁目1135番1号　グランツリｰ武蔵小杉　区画145,PA0280053,バイオレット　　２５ｋｇ,,0,未指定,4507,1,袋,4507,4507,外税
D,2026/7/18,ＰＡＴ円山本店（株式会社パット）,株式会社トーホーフードサービス　グループ,北海道札幌市中央区南一条西27-1-1　マルヤマクラス1F,PA0100028,カゴメ　トマトケチャップ（チューブ入）赤　１ｋ,１ｋ,12,未指定,443,1,本,443,443,外税
D,2026/7/20,ＰＡＴ円山本店（株式会社パット）,株式会社ブーランジェリーエリックカイザージャポン,北海道札幌市中央区南一条西27-1-1　マルヤマクラス1F,PC0130015,メゾンボワール　広島県産牡蠣とほうれん草のパテ,6本,1,箱,2100,3,箱,6300,6300,外税
D,2026/7/20,ＰＡＴ円山本店（株式会社パット）,株式会社ブーランジェリーエリックカイザージャポン,北海道札幌市中央区南一条西27-1-1　マルヤマクラス1F,PC0130016,メゾンボワール　北海道産スモークサーモンとオリーブのパテ,6本,1,箱,2100,3,箱,6300,6300,外税
D,2026/7/20,ＰＡＴ円山本店（株式会社パット）,株式会社ブーランジェリーエリックカイザージャポン,北海道札幌市中央区南一条西27-1-1　マルヤマクラス1F,PC0130019,メゾンボワール　２種のチーズのパテ,6本,1,箱,2100,2,箱,4200,4200,外税
D,2026/7/20,ＰＡＴ円山本店（株式会社パット）,株式会社ブーランジェリーエリックカイザージャポン,北海道札幌市中央区南一条西27-1-1　マルヤマクラス1F,PC0130022,メゾンボワール　ドライいちじくとくるみのパテ,6本,1,箱,2604,0,箱,0,0,外税
D,2026/7/21,ＰＡＴ円山本店（株式会社パット）,株式会社イワセ・エスタグループ本社,北海道札幌市中央区南一条西27-1-1　マルヤマクラス1F,PA0060023,アスク　冷凍アップル・スライス　１０ｋｇ,１０ｋｇ,1,C/S,8100,1,C/S,8100,8100,外税
D,2026/7/21,武蔵小杉店（株式会社パット）,三本珈琲株式会社　横浜支店,神奈川県川崎市中原区新丸子東3丁目1135番1号　グランツリｰ武蔵小杉　区画145,PC0230002,キリン　午後の紅茶　ミルクティー　５００ｍｌ　ＰＥＴ　２４本入,500ml,24,C/S,2880,1,C/S,2880,2880,外税
D,2026/7/21,武蔵小杉店（株式会社パット）,三本珈琲株式会社　横浜支店,神奈川県川崎市中原区新丸子東3丁目1135番1号　グランツリｰ武蔵小杉　区画145,PC0230008,エビアン　ペット　５００ｍｌ×２４本,500ml,24,C/S,2640,1,C/S,2640,2640,外税
D,2026/7/21,ＰＡＴ円山本店（株式会社パット）,三本珈琲株式会社　札幌桑園支店,北海道札幌市中央区南一条西27-1-1　マルヤマクラス1F,PA0240022,Torani T111 ｼﾛｯﾌﾟﾁｮｺﾚｰﾄﾐﾗﾉ750ml,750ml/本×12/cs,1,本,1230,2,本,2460,2460,外税
D,2026/7/21,ＰＡＴ円山本店（株式会社パット）,三本珈琲株式会社　札幌桑園支店,北海道札幌市中央区南一条西27-1-1　マルヤマクラス1F,PA0240023,Torani T107 ｼﾛｯﾌﾟｷｬﾗﾒﾙ 750ml,750ml/本×12/cs,0,未指定,1230,1,本,1230,1230,外税
D,2026/7/21,ＰＡＴ円山本店（株式会社パット）,株式会社ＡＭトレーディング,北海道札幌市中央区南一条西27-1-1　マルヤマクラス1F,PA0040031,＆ミント+ローズ,２ｇ×50ＴＢ,0,袋,3375,1,袋,3375,3375,外税
D,2026/7/21,ＰＡＴ円山本店（株式会社パット）,池伝株式会社　札幌支店,北海道札幌市中央区南一条西27-1-1　マルヤマクラス1F,PA0300157,ナリズカ　アルパワー　18L,18Lｘ1,1,缶,6000,1,缶,6000,6000,外税
D,2026/7/21,ＰＡＴ円山本店（株式会社パット）,池伝株式会社　札幌支店,北海道札幌市中央区南一条西27-1-1　マルヤマクラス1F,PA0300412,ウメハラ　ユズカット5ｍｍ　1ｋｇ,6ケ×1C/S,1,ヶ,1800,1,ヶ,1800,1800,外税
D,2026/7/21,ＰＡＴ円山本店（株式会社パット）,池伝株式会社　札幌支店,北海道札幌市中央区南一条西27-1-1　マルヤマクラス1F,PA0300249,ｳﾒﾊﾗ ﾚﾓﾝｶｯﾄ 3mm A 1kg,1ｋｇｘ1,1,kg,1500,1,kg,1500,1500,外税
D,2026/7/23,ＰＡＴ円山本店（株式会社パット）,池伝株式会社　札幌支店,北海道札幌市中央区南一条西27-1-1　マルヤマクラス1F,PA0300073,ギャバン　ターメリックパウダー360ｇ,,0,未指定,1450,1,缶,1450,1450,外税
D,2026/7/23,ＰＡＴ円山本店（株式会社パット）,池伝株式会社　札幌支店,北海道札幌市中央区南一条西27-1-1　マルヤマクラス1F,PA0300448,ギャバン　カレーパウダー　400ｇ,12カンX1C／S,0,未指定,1700,1,缶,1700,1700,外税
D,2026/7/23,ＰＡＴ円山本店（株式会社パット）,株式会社ひのー,北海道札幌市中央区南一条西27-1-1　マルヤマクラス1F,PA0110245,沖縄ﾊﾑ やわらか牛煮込み  500g,500g,20,C/S,2250,20,PC,45000,45000,外税
D,2026/7/23,ＰＡＴ円山本店（株式会社パット）,株式会社トーホーフードサービス　グループ,北海道札幌市中央区南一条西27-1-1　マルヤマクラス1F,PA0100257,ハインツ　１５００ｇ　グルメマッシュポテト１．５ｋ,1.5K,6,袋,1750,1,PC,1750,1750,外税
D,2026/7/23,ＰＡＴ円山本店（株式会社パット）,株式会社トーホーフードサービス　グループ,北海道札幌市中央区南一条西27-1-1　マルヤマクラス1F,PA0100259,ＳＢ　マイユ　赤ワインビネガー　500ml,500ml,6,未指定,585,1,本,585,585,外税
D,2026/7/24,Ｐａｓａｒ守谷下り店（株式会社パット）,池伝株式会社,茨城県守谷市野木崎97-3　常磐自動車道守谷SA（下り線内）　パサｰル守谷下り線　小島屋乳業製菓株式会社,PA0290268,森永商事　アンジュ クレール　1.8kg,6袋×1CS,0,袋,1670,1,袋,1670,1670,外税
D,2026/7/24,ＰＡＴ円山本店（株式会社パット）,池伝株式会社　札幌支店,北海道札幌市中央区南一条西27-1-1　マルヤマクラス1F,PA0300031,ギャバン　ブラックペッパーアラビキ　420ｇ,,0,未指定,2000,1,缶,2000,2000,外税
D,2026/7/24,ＰＡＴ円山本店（株式会社パット）,池伝株式会社　札幌支店,北海道札幌市中央区南一条西27-1-1　マルヤマクラス1F,PA0300205,伯方　フルールドセル　1kg,1kg×20×1C/S,1,kg,960,1,kg,960,960,外税
D,2026/7/24,ＰＡＴ円山本店（株式会社パット）,池伝株式会社　札幌支店,北海道札幌市中央区南一条西27-1-1　マルヤマクラス1F,PA0300362,モリナガ　アンジュクレール　1.8㎏,6ケ×1Ｃ/Ｓ,1,ヶ,1670,1,ヶ,1670,1670,外税
D,2026/7/27,武蔵小杉店（株式会社パット）,株式会社ブーランジェリーエリックカイザージャポン,神奈川県川崎市中原区新丸子東3丁目1135番1号　グランツリｰ武蔵小杉　区画145,PC0130040,メゾンカイザー　クロワッサンラスク　5個入,1,1,個,360,30,個,10800,10800,外税
D,2026/7/27,武蔵小杉店（株式会社パット）,株式会社ブーランジェリーエリックカイザージャポン,神奈川県川崎市中原区新丸子東3丁目1135番1号　グランツリｰ武蔵小杉　区画145,PC0130039,メゾンカイザー　クロワッサンラスク　10個入,1,1,個,690,5,個,3450,3450,外税
D,2026/7/28,武蔵小杉店（株式会社パット）,池伝株式会社,神奈川県川崎市中原区新丸子東3丁目1135番1号　グランツリｰ武蔵小杉　区画145,PA0290355,ルッソ　リモンチェロ　３２°７００ｍｌ,6ﾎﾝX2BX1C/S,0,本,2750,1,本,2750,2750,外税
D,2026/7/29,ＰＡＴ円山本店（株式会社パット）,株式会社桐越,北海道札幌市中央区南一条西27-1-1　マルヤマクラス1F,PA0200249,玉ねぎ　Ｌ　国産※　　ｋｇ,国産,0,kg,298,0.25,kg,74,74,外税
F,,,,,,,,,,,,,,,
