［取引先コード］,［取引先名］,［自社管理商品コード］,材料名,仕入量(g),仕入価格(\),［商品名］,［数量］,［単位］,単価,［金額］
1029,マンドスジャパン株式会社,A0130003,カラマタオリーブ,2000,3210,カラマタオリーブ種ナシ２ｋｇ,70,個,3210,224700
1029,マンドスジャパン株式会社,A0130004,セミドライトマト,11400,27000,セミドライトマト1.9ｋｇ6個入りケース,3,C/S,27000,81000
1005,株式会社イワセ・エスタグループ本社,A0220057,ノワールセレクシオン,5000,15360,ベルコラーデ　ノワールセレクシオン　ＣＴ　５ｋｇ,2,袋,15360,30720
1005,株式会社イワセ・エスタグループ本社,A0220063,はちみつ,25000,15500,秋田屋本店　ミャンマー産はちみつ　２５ｋｇ,5,缶,15500,77500
1005,株式会社イワセ・エスタグループ本社,A0220068,グレンノワールセレクシオン,5000,14650,ベルコラーデ　グレンノワールセレクシオンＣＴ　５ｋｇ,6,袋,14650,87900
1021,株式会社トーホーフードサービス　グループ,A0380151,メグ北海道フレッシュ４７,1000,1349,メグ北海道フレッシュ47　　1L,70,個,1349,94430
1021,株式会社トーホーフードサービス　グループ,A0380208,脱脂粉乳,25000,21850,雪印　脱脂粉乳N                                    25k,4,C/S,21850,87400
1021,株式会社トーホーフードサービス　グループ,A0380231,バジル,100,422,TDF　バジル,27,PC,422,11394
1021,株式会社トーホーフードサービス　グループ,A0380262,クスクス,500,678,アルバディアクスクス（パスタ）500g,42,個,678,28476
1021,株式会社トーホーフードサービス　グループ,A0380433,おろしニンニク,1000,999,テーオー　フレンド印生おろしにんにく　１ｋ,5,本,999,4995
1021,株式会社トーホーフードサービス　グループ,A0380439,トマト,250,367,TDF　トマト,74,個,367,27158
1021,株式会社トーホーフードサービス　グループ,A0380611,茄子のグリル,600,988,カゴメ　茄子のグリル        （ラウンドスライス）   600g,1,個,988,988
1021,株式会社トーホーフードサービス　グループ,A0380729,ホットドッグレリッシュ,400,493,ハインツ　ホットドッグレリッシュ 400g,96,PC,493,47328
1021,株式会社トーホーフードサービス　グループ,A0380813,マヨネーズ,1000,640,ＥＢ　マヨネーズ,18,本,640,11520
1021,株式会社トーホーフードサービス　グループ,A0380903,野菜のカポナータ,1000,1360,カゴメ　菜園風野菜のカポナータ 1k,122,PC,1360,165920
1021,株式会社トーホーフードサービス　グループ,A0380983,MKファーメントバター,1250,12187,雪印　バターファーメント    食塩不使用（MK）  1.25k/5,4,C/S,12187,48748
1021,株式会社トーホーフードサービス　グループ,A0381034,スペアミント,100,331,TDF　スペアミント,4,袋,331,1324
1021,株式会社トーホーフードサービス　グループ,A0381055,キノコブロッコリーマリネ,800,1260,ヤマダイ　３種きのこブロッコリーのバジルマリネ,22,袋,1259.090909,27700
1021,株式会社トーホーフードサービス　グループ,A0381253,マヨネーズ（卵黄タイプ）,1000,640,ＥＢ　マヨネーズ（卵黄タイプ）１ｋg,10,本,640,6400
1021,株式会社トーホーフードサービス　グループ,A0381278,むき玉ねぎ,1000,611,TDF　国産むき玉ねぎ（4～6玉）kg,4,kg,611,2444
1021,株式会社トーホーフードサービス　グループ,A0381444,ブロッシェンソーセージ,875,2020,ベスト　ＪＧＴブロッシェンソーセージ　３５　８７５ｇ,44,PC,2020,88880
1021,株式会社トーホーフードサービス　グループ,A0381532,雪 バラバター,20000,37000,雪印　バター食塩不使用バラＰＹ　ＲＮ　２０ｋ,30,C/S,37000,1110000
1021,株式会社トーホーフードサービス　グループ,A0381535,レモンタルタル,145,290,ＱＰ　具だくさんレモンタルタル　　　　　　　１４５ｇ,176,個,290,51040
1021,株式会社トーホーフードサービス　グループ,A0381545,トッピングチェダーソース,300,280,トッピングソース　チェダーチーズ入り　３００ｇ,39,PC,280,10920
1021,株式会社トーホーフードサービス　グループ,A0381546,雪 のびてるチーズ,500,600,雪印のびてるチーズソフトモッツァレラ入り500g,74,個,600,44400
1021,株式会社トーホーフードサービス　グループ,A0381551,ハーフ卵（半熟風）,300,384,スノーマンハーフタマゴ（半熟風）20ｇ/15,37,袋,384,14208
1021,株式会社トーホーフードサービス　グループ,A0381552,ギャバンタラゴン,50,547,ギャバン　タラゴンホール　50ｇ,3,個,547,1641
1021,株式会社トーホーフードサービス　グループ,A0381555,明太マヨソース,500,670,やまや　天着明太マヨソース  500g,115,個,670,77050
1024,株式会社ひのー,A0390048,ピスタチオ13.6㎏,13600,69768,USA ヒﾟスタチオ 脱皮 W 13.6K,1,C/S,69768,69768
1024,株式会社ひのー,A0390049,ピスタチオ1㎏,1000,5130,USA ヒﾟスタチオ 脱皮 W 1K,10,kg,5130,51300
1024,株式会社ひのー,A0390091,ホワイトチョコ1㎏,1000,2130,森永 チッフﾟチョコ ホワイト ハﾞラ,25,kg,2130,53250
1024,株式会社ひのー,A0390092,ホワイトチョコ10㎏,10000,21300,森永 チッフﾟチョコ ホワイト 10K,14,C/S,21300,298200
1024,株式会社ひのー,A0390162,渋皮マロン,1900,6500,角田 渋皮マロンAS ＃1,22,缶,6500,143000
1024,株式会社ひのー,A0390201,エメンタールダイス,1000,2600,ﾛﾙﾌ ｴﾒﾝﾀｰﾙ ﾀﾞｲｽ ｶｯﾄ ﾁｰｽﾞ,24,PC,2600,62400
1024,株式会社ひのー,A0390231,粗挽Bペッパー,420,1900,G 荒挽フﾞラックヘﾟッハﾟ－ 420g,1,缶,1900,1900
1024,株式会社ひのー,A0390236,WHペッパー,370,2100,SB ﾎﾜｲﾄﾍﾟｯﾊﾟｰ ﾊﾟｳﾀﾞｰ 370g,5,缶,2100,10500
1024,株式会社ひのー,A0390258,GターメリックPWD,1000,2630,G ﾀｰﾒﾘｯｸﾊﾟｳﾀﾞｰ 1K,2,PC,2630,5260
1024,株式会社ひのー,A0390267,SBターメリックPWD,400,960,SB ﾀｰﾒﾘｯｸﾊﾟｳﾀﾞｰ L 400g,1,缶,960,960
1024,株式会社ひのー,A0390419,ビターチョコフラワーペースト,1000,810,田中 ﾋﾞﾀｰﾁｮｺﾌﾗﾜｰﾍﾟｰｽﾄ 1K,54,PC,810,43740
1024,株式会社ひのー,A0390425,プチールVBカスター,1000,810,田中 ﾌﾟﾁｰﾙ VB ｶｽﾀｰN　1ｋ,18,PC,810,14580
1024,株式会社ひのー,A0390450,さつま甘露煮,1000,1290,ｶｾｲ さつま甘露煮 1k,55,PC,1290,70950
1024,株式会社ひのー,A0390458,ベーキングPWD,2000,2360,ｱｲｺｸ ﾍﾞｰｷﾝｸﾞﾊﾟｳﾀﾞｰ 白 ｱﾙﾐﾆｳﾑﾌﾘｰ 2K,7,缶,2360,16520
1024,株式会社ひのー,A0390472,ベイクドスライスポテト,1000,630,ｹﾝｺｰ ﾍﾞｲｸﾄﾞ ｽﾗｲｽﾎﾟﾃﾄ 1k,29,PC,630,18270
1024,株式会社ひのー,A0390592,冷凍むき枝豆500g,500,390,東洋水産 冷凍むき枝豆 500g,250,PC,390,97500
1024,株式会社ひのー,A0390599,グリル野菜,600,740,ｶｺﾞﾒ 地中海ｸﾞﾘﾙ野菜ﾐｯｸｽ 600g,58,PC,740,42920
1024,株式会社ひのー,A0390611,紅はるか,2000,2270,ﾀｶ 紅はるか蜜着 7.5DF 2K,35,PC,2270,79450
1024,株式会社ひのー,A0390714,フルールドセル,1000,855,伯方 フル－ルトﾞセル 1K ハﾞラ,13,PC,855,11115
1024,株式会社ひのー,A0390863,VFイースト,500,275,オリエンタル VFイースト 500g,107,本,275,29425
1024,株式会社ひのー,A0390921,プロセスチーズダイス,1000,1850,ロルフ　Dプロセス赤8　1K,30,PC,1850,55500
1024,株式会社ひのー,A0390926,ダイスカボチャ,1000,690,ﾉｰｽｲ ﾀﾞｲｽｶﾎﾞﾁｬ5/8ｲﾝﾁ 16mmｶｯﾄ 1K,12,PC,690,8280
1024,株式会社ひのー,A0390944,ポワールウィリアム,460,1030,DGF ﾎﾟﾜｰﾙｳｲﾘｱﾑ ﾊｰﾌ #2,2,缶,1030,2060
1024,株式会社ひのー,A0390961,粒コーン,1000,697,ﾉｰｽｲ 北海道 美瑛育ちの粒ｺｰﾝ 1K,327,PC,697.8899083,228210
1024,株式会社ひのー,A0390979,ダイスカボチャ10㎜,500,398,ｻﾌﾞｰﾙ 北海道産 ｶﾎﾞﾁｬﾀﾞｲｽｶｯﾄ   10mm   500g,120,PC,397.5,47700
1024,株式会社ひのー,A0390984,ほうれん草,500,355,IQF ほうれん草   500g,8,PC,355,2840
1024,株式会社ひのー,A0390999,Gターメリック,360,1160,G ﾀｰﾒﾘｯｸ 360g,1,缶,1160,1160
1024,株式会社ひのー,A0391010,サルタナレーズン,12500,8625,ﾄﾙｺ　G ﾚｰｽﾞﾝ TYPE 9  12.5k,1,C/S,8625,8625
1024,株式会社ひのー,A0391022,むき枝豆180g,180,142,東洋水産 台湾産むき枝豆  180g,15,PC,142,2130
1025,株式会社フードフアッション,A0400002,エメンタール KC,3500,3780,スイス・エミー　エメンタール　KC,62.68,kg,3779.945756,236927
1025,株式会社フードフアッション,A0400021,ゴーダチーズダイス,1000,2060,8mmダイスゴーダチーズ,1,kg,2060,2060
1025,株式会社フードフアッション,A0400027,モッツァレラ,1000,1400,Ｓａｃｈｓｅｎ　モッツァレラ　約１ＫＧ,53.88,kg,1400,75432
1025,株式会社フードフアッション,A0400028,ミックスチーズ,1000,1320,FFミックスチーズ,94,kg,1320,124080
1025,株式会社フードフアッション,A0400031,エメンタール15㎜ダイス,1000,3720,エメンタール　１５ｍｍダイス,13,kg,3720,48360
1004,石川株式会社,A0890008,リスドォル,25000,3857,リスドォル,140,袋,3857,539980
1004,石川株式会社,A0890010,MKトラディショナル,25000,4412,メゾンカイザートラディショナル,189,袋,4412,833868
1004,石川株式会社,A0890014,グラハムBフラワー,25000,3833,グラハムブレッドフラワー,3,袋,3833,11499
1004,石川株式会社,A0890015,セイヴァリー,25000,3937,セイヴァリー,85,袋,3937,334645
1004,石川株式会社,A0890021,コーングリッツ,25000,4900,コーングリッツＹ　ＮＯ．４,1,袋,4900,4900
1004,石川株式会社,A0890034,アーレファイン,5000,1875,アーレファイン　５ｋｇ,5,袋,1875,9375
1004,石川株式会社,A0890057,ライ麦粉アーレファイン,20000,5605,ライ麦粉　アーレファイン,8,袋,5605,44840
1004,石川株式会社,A0890100,粗挽Pウィンナー,1000,2130,Ｗ２０１　あらびきポークウインナー　４０ｇ　【荷姿　１ｋｇ】,141,PC,2130,300330
1004,石川株式会社,A0890117,タンドールチキンスライス,500,1230,S３２０　タンドールチキンスライス　５００ｇ,82,PC,1230,100860
1004,石川株式会社,A0890122,バジリコチキンスライス,500,1420,Ｓ302　バジリコチキンスライス　　500ｇ,73,PC,1420,103660
1004,石川株式会社,A0890123,カントリースライス,500,1995,Ｃ２０９　カントリースライス　５００ｇ,244,PC,1995,486780
1004,石川株式会社,A0890124,パストラミビーフ,500,2650,Ｐ２１１　パストラミビーフスライス　５００ｇ,24,PC,2650,63600
1004,石川株式会社,A0890137,ベーコン,1000,2320,D203　ベーコンスライス　　１ｋｇ,139,PC,2320,322480
1004,石川株式会社,A0890150,赤穂の塩,25000,2275,赤穂塩　食塩,7,袋,2275,15925
1004,石川株式会社,A0890160,グラニュー糖,30000,6900,東洋グラ　TTGA,19,袋,6900,131100
1004,石川株式会社,A0890174,アトム,25000,3545,アトム　　２５ｋｇ,27,袋,3545,95715
1004,石川株式会社,A0890203,角切ベーコン,1000,2920,大山ハム　D522　角切ベーコン　8mm,18,PC,2920,52560
1004,石川株式会社,A0890233,スイートスノー,10000,5690,スイートスノー１ｋｇ×１０,2,C/S,5690,11380
1001,池伝株式会社,A0910042,カシューナッツ,1000,2300,カシューナッツ ホール　１ｋｇ,32,袋,2300,73600
1001,池伝株式会社,A0910093,レモンカット,1000,1500,うめはら　レモン カット ３㎜ Ａ　1kg,7,ヶ,1500,10500
1001,池伝株式会社,A0910096,ヘーゼルナッツ,2000,8200,ヘーゼルナッツホール　皮付　２㎏,-1,袋,8200,-8200
1001,池伝株式会社,A0910119,パールクラッカン,9000,5800,ヴァローナ　パールクラッカン　＃５４３８　１ｋｇ,6,袋,5800,34800
1001,池伝株式会社,A0910130,アーモンドスライス,1000,1900,アーモンドスライス　１ｋｇ,12,袋,1900,22800
1001,池伝株式会社,A0910133,ロッシュショコラ,1500,2900,ＮＫ　ロッシュ　ショコラ　１．５ｋｇ,49,袋,2900,142100
1001,池伝株式会社,A0910141,ピスタチオパウダー,12000,5400,ＤＩ　ピスタチオパウダー　１㎏,24,kg,5400,129600
1001,池伝株式会社,A0910189,マロングラッセ,1000,2400,京屋　マロングラッセ　１ｋｇ　コンステラシオン　専用,56,kg,2400,134400
1001,池伝株式会社,A0910244,アールグレイPWD,1000,4950,ナリヅカ　紅茶パウダー　アールグレイ　１ｋｇ（取寄せ）,8,袋,4950,39600
1001,池伝株式会社,A0910288,抹茶PWD1㎏,1000,12400,南山園　グリーン抹茶パウダー　１㎏,2,袋,12400,24800
1001,池伝株式会社,A0910329,黄桃,440,410,ゴールドリーフ　黄桃　南ア産　２号缶,-10,缶,410,-4100
1001,池伝株式会社,A0910332,マロンクリーム,1000,1150,サバトン　マロンクリーム　1kg（2号缶）,1,缶,1150,1150
1001,池伝株式会社,A0910355,ゴルゴンゾーラ,1000,4650,冷凍　ゴルゴンゾーラ・ピッカンテ　ＩＱＦ　１ｋｇ,30,袋,4650,139500
1001,池伝株式会社,A0910358,グレインマスタード,1000,490,ナイキフーズ　グレイン　　マスタード　MK様用,8,袋,490,3920
1001,池伝株式会社,A0910402,コーンスターチ,5000,1650,ＤＩ　コーンスターチ　５ｋｇ,1,C/S,1650,1650
1001,池伝株式会社,A0910486,皮付アーモンド刻み,2000,3950,ＤＩ　皮付 アーモンド キザミ ２ｍｍ　2kg,1,袋,3950,3950
1001,池伝株式会社,A0910488,アーモンドPWD,2000,3300,ＤＩ　アーモンドパウダー　２㎏,74,袋,3300,244200
1001,池伝株式会社,A0910554,ドライ白いちじく,10000,20300,デルタ　ドライ白いちじく　ダイス　国内選別　ＭＫ様　１０ｋｇ,14,C/S,20300,284200
1001,池伝株式会社,A0910594,サフBBJ,5000,9050,サフ　ＢＢＪ　５㎏　ＭＫ様,10,袋,9050,90500
1001,池伝株式会社,A0910606,グリーンオリーブ,340,310,TPグリーンオリーブ　340ｇ,312,本,310,96720
1001,池伝株式会社,A0910619,USクルミ（LMP),13600,18632,ＵＳクルミナゲット（ＬＭＰ）ＭＫ　１３．６ｋｇ,9,C/S,18632,167688
1001,池伝株式会社,A0910625,アンジュクレール,1800,1670,森永商事　アンジュ クレール　1.8kg,18,袋,1670,30060
1001,池伝株式会社,A0910644,抹茶PWD0.5㎏,500,6200,南山園　グリーン抹茶パウダー　５００ｇ,10,袋,6200,62000
1001,池伝株式会社,A0910645,パールシュガー,1000,1010,ナリヅカ　パールシュガー　Ｃ３０　　１㎏,12,袋,1010,12120
1001,池伝株式会社,A0910699,Gシナモンスティック,100,1750,ギャバン　シナモンスティック シール無し セイロン　100g,1,袋,1750,1750
1001,池伝株式会社,A0910732,キャラメルカスタード,1000,1150,ＮＫ　キャラメルカスタード　１ｋｇ,13,袋,1150,14950
1001,池伝株式会社,A0910738,白ざら糖,1000,320,カップ印　スペシャルシュガー　１ｋｇ　（白ざら糖）,32,袋,320,10240
1001,池伝株式会社,A0910744,コンデンスミルク,1000,930,北乳　コンデンスミルク　チューブ入　1kg,19,本,930,17670
1001,池伝株式会社,A0910759,オレンジピール,12500,16900,ステンスマ　オレンジピール　６×６㎜　１２．５㎏,12,C/S,16900,202800
1001,池伝株式会社,A0910771,クレームドカシス,700,2680,マスネ クレーム・ﾄﾞ・カシス　２０ﾟ  ７００ｍｌ  取寄,3,本,2680,8040
1001,池伝株式会社,A0910772,粒ジャム練乳,2000,2200,日本サイト　つぶジャム　　練乳　２㎏,15,袋,2200,33000
1001,池伝株式会社,A0910773,ExVオリーブオイル,5000,5500,ピエドラ・デル・ソルＥＸＶオリーブオイル　ＭＫ様,50,本,5500,275000
1001,池伝株式会社,A0910788,粉糖,4000,1350,ＤＩ　粉糖　４㎏,1,袋,1350,1350
1001,池伝株式会社,A0910796,ディジョンマスタード,500,480,ナイキフーズ　ディジョンマスタードＮ　５００ｇ,24,袋,480,11520
1001,池伝株式会社,A0910839,フランボワーズジャム,1000,2150,タカ　フランボワーズ　Ｌ４５０ＳＰ,14,袋,2150,30100
1001,池伝株式会社,A0910841,パータグラッセルッシュ,2000,4200,T&C パータグラッセ　ルッシュ ２Kｇ,12,ヶ,4200,50400
1001,池伝株式会社,A0910842,パータグラッセリュクブラン,2000,3600,Ｔ＆Ｃ　パータグラッセ リュクブラン　２㎏,11,ヶ,3600,39600
1001,池伝株式会社,A0910845,西尾の抹茶クリーム,1000,5280,ソントン　西尾の抹茶　　　クリーム　１㎏,2,C/S,5280,10560
1001,池伝株式会社,A0910851,レモンゼスト,500,1300,ラビ･フリュイ　冷凍 レモンゼスト　５００ｇ,14,ヶ,1300,18200
1001,池伝株式会社,A0910873,ポートロイヤルレッドラムLQR,1800,3250,ポートロイヤルレッドラム　４０°ＬＱＲ　１．８Ｌ,1,本,3250,3250
1001,池伝株式会社,A0910878,デルタドライ白いちじく,1000,3100,デルタ　ドライ　白　いちじく　ホール　１ｋｇ,1,kg,3100,3100
1001,池伝株式会社,A0910889,ドライオレンジスライス,1000,2900,三海ドライオレンジスライス輪切り　Ｒ　１ｋｇ,1,袋,2900,2900
1001,池伝株式会社,A0910891,ルッソリモンチェッロ,700,2750,ルッソ　リモンチェロ　３２°７００ｍｌ,2,本,2750,5500
1001,池伝株式会社,A0910892,柚子カット,1000,1800,うめはら　柚子カット　５ｍｍ　１ｋｇ　取寄,4,ヶ,1800,7200
1001,池伝株式会社,A0910894,甘夏ミカン,470,970,金太洋　甘夏みかん　Ｍサイズ　２号缶,7,缶,970,6790
1022,中沢乳業株式会社,A0960044,ミルク,1000,223,Ｍｉｌｋ（ミルク）　無調整牛乳　1000ml,41,本,223.4878049,9163
1022,中沢乳業株式会社,A0960050,サワークリーム,1000,1703,サワークリーム　1000ml,85,個,1703.411765,144790
1022,中沢乳業株式会社,A0960053,セーヌ,1000,542,セーヌ　（殺菌全卵液卵）　1kg,165,本,541.8181818,89400
1022,中沢乳業株式会社,A0960065,エメンタールスライス,1000,12304,エメンタール　スライス　１．８ｍｍ　約１ｋｇ,36,kg,12303.5,442926
1012-402019,有限会社城北青果,A1030151,ペパーミント,100,370,ペパーミント,3,PC,370,1110
1012-402019,有限会社城北青果,A1030154,バジリコ,20,200,バジル（バジリコ）20g,14,PC,200,2800
1012-402019,有限会社城北青果,A1030158,ルッコラ,50,370,ロケットサラダ（ルッコラ）50ｇ,1,PC,370,370
1012-402019,有限会社城北青果,A1030227,トマト,100,170,トマトM,148,個,170,25160
1012-402019,有限会社城北青果,A1030393,むき玉葱,1000,400,むき玉葱,2.16,kg,400,864
1012-402019,有限会社城北青果,A1030476,イタリアンパセリ,15,280,イタリアンパセリ（ハﾟスレー）,1,PC,280,280
1012-402019,有限会社城北青果,A1030483,グリーンカール,160,250,グリンカールL,59,個,250,14750
,株式会社平田牧場,A1360002,三元豚ロースハム,500,1000,冷凍　三元豚ロースハム切落とし【業務用】,100,PC,1000,100000
